Open,High,Low,Close,Volume,Ex-Dividend,Split Ratio,Adj. Open,Adj. High,Adj. Low,Adj. Close,Adj. Volume
111.39,111.44,107.35,109.33,53204626.0,0.0,1.0,106.25032895542,106.29802189418,102.39673950413,104.28537987877,53204626.0
108.29,108.65,105.41,106.25,64285491.0,0.0,1.0,103.29336675269,103.63675591172,100.54625348048,101.34749485154,64285491.0
106.54,107.43,104.63,106.26,65797116.0,0.0,1.0,101.62411389632,102.47304820613,99.802243635926,101.3570334393,65797116.0
107.2,108.2,106.695,107.75,40105934.0,0.0,1.0,102.25366068786,103.20751946294,101.77196200645,102.77828301415,40105934.0
109.23,112.15,108.7,111.89,59364547.0,0.0,1.0,104.18999400126,106.97526162448,103.68444885047,106.72725834296,59364547.0
112.67,113.25,110.21,112.01,53315099.0,0.0,1.0,107.47126818752,108.02450627706,105.12477560083,106.84172139597,53315099.0
112.6,112.63,108.8,109.25,49650790.0,0.0,1.0,107.40449807326,107.43311383651,103.77983472798,104.20907117676,49650790.0
111.43,112.8,108.91,110.22,67091928.0,0.0,1.0,106.28848330642,107.59526982827,103.88475919324,105.13431418859,67091928.0
109.04,110.49,108.5,109.8,48956588.0,0.0,1.0,104.008760834,105.39185605786,103.49367709546,104.73369350305,48956588.0
110.0,110.06,106.66,106.82,60013996.0,0.0,1.0,104.92446525807,104.98169678457,101.73857694932,101.89119435334,60013996.0
107.03,107.58,105.2,105.99,78513345.0,0.0,1.0,102.0915046961,102.61612702239,100.34594313772,101.09949157003,78513345.0
107.84,108.9667,106.5,108.72,49899907.0,0.0,1.0,102.86413030391,103.93884298579,101.58595954531,103.70352602598,49899907.0
108.95,111.06,108.27,109.55,48575897.0,0.0,1.0,103.92291354424,105.93555555965,103.27428957719,104.49522880929,48575897.0
110.26,112.47,109.72,112.4,53796409.0,0.0,1.0,105.17246853959,107.2804964325,104.65738480105,107.21372631825,53796409.0
112.3,113.75,111.53,112.98,46464828.0,0.0,1.0,107.11834044074,108.50143566459,106.38386918393,107.76696440779,46464828.0
113.74,114.3626,112.8,113.1,55614979.0,0.0,1.0,108.49189707684,109.0857695502,107.59526982827,107.8814274608,55614979.0
112.42,112.48,109.03,109.14,95568749.0,0.0,1.0,107.23280349375,107.29003502025,103.99922224625,104.10414671151,95568749.0
117.625,118.12,115.31,115.31,146477063.0,0.0,1.0,112.197638418,112.66979851167,109.98945535371,109.98945535371,146477063.0
116.32,119.19,115.56,118.9,84436432.0,0.0,1.0,110.95285271653,113.69042740099,110.22792004748,113.41380835622,84436432.0
118.4,120.0,116.85,117.16,83745461.0,0.0,1.0,112.93687896869,114.4630530088,111.45839786732,111.75409408759,83745461.0
118.05,119.17,116.08,118.63,62739100.0,0.0,1.0,112.60302839741,113.67135022549,110.72392661052,113.15626648695,62739100.0
118.5,119.09,117.61,118.65,51915749.0,0.0,1.0,113.03226484619,113.59504152349,112.18333053638,113.17534366245,51915749.0
118.5,120.51,118.309,119.56,70149743.0,0.0,1.0,113.03226484619,114.94952098409,112.85007782015,114.04335514777,70149743.0
120.02,120.23,119.25,119.94,42246245.0,0.47,1.0,114.93074283385,115.13183811793,114.1933934589,114.85413510658,42246245.0
120.02,120.25,118.45,118.93,43706567.0,0.0,1.0,114.93074283385,115.15099004975,113.42731618622,113.88696254982,43706567.0
118.55,119.84,118.43,119.72,38889797.0,0.0,1.0,113.5230758453,114.7583754475,113.4081642544,114.6434638566,38889797.0
120.17,122.15,120.16,122.02,62008506.0,0.0,1.0,115.07438232248,116.97042357236,115.06480635657,116.84593601555,62008506.0
122.77,124.92,122.5,124.88,73561797.0,0.0,1.0,117.56413345869,119.62296612902,117.30558237916,119.58466226538,73561797.0
126.06,127.48,125.57,126.46,74474466.0,0.0,1.0,120.71462624259,122.07441340159,120.24540391307,121.09766487893,74474466.0
127.28,127.28,125.65,127.08,54272219.0,0.0,1.0,121.88289408342,121.88289408342,120.32201164034,121.69137476525,54272219.0
127.49,128.88,126.92,127.83,63152405.0,0.0,1.0,122.0839893675,123.41504862878,121.53815931072,122.40957220839,63152405.0
127.625,128.78,127.45,128.715,44891737.0,0.0,1.0,122.21326490727,123.3192889697,122.04568550387,123.25704519129,44891737.0
128.48,129.03,128.33,128.45,37362381.0,0.0,1.0,123.03200999244,123.55868811741,122.88837050382,123.00328209472,37362381.0
128.62,129.5,128.05,129.495,48948419.0,0.0,1.0,123.16607351516,124.00875851511,122.62024345838,124.00397053216,48948419.0
130.02,133.0,129.66,133.0,70974110.0,0.0,1.0,124.50670874235,127.36034658309,124.16197396965,127.36034658309,70974110.0
132.94,133.6,131.17,132.17,69228130.0,0.0,1.0,127.30289078764,127.9349045376,125.60794482183,126.56554141268,69228130.0
131.56,131.6,128.15,128.79,74711746.0,0.0,1.0,125.98140749226,126.0197113559,122.71600311746,123.32886493561,74711746.0
128.785,130.87,126.61,130.415,91287529.0,0.0,1.0,123.32407695265,125.32066584458,121.24130436755,124.88495939574,91287529.0
130.0,130.57,128.24,128.46,62014847.0,0.0,1.0,124.48755681054,125.03338686732,122.80218681064,123.01285806063,62014847.0
129.25,130.28,128.3,129.09,48096663.0,0.0,1.0,123.7693593674,124.75568385598,122.85964260609,123.61614391286,48096663.0
128.96,129.52,128.09,129.36,37816283.0,0.0,1.0,123.49165635605,124.02791044693,122.65854732201,123.87469499239,37816283.0
129.1,129.56,128.32,128.54,31666340.0,0.0,1.0,123.62571987877,124.06621431056,122.87879453791,123.0894657879,31666340.0
128.58,128.75,125.76,126.41,56517146.0,0.0,1.0,123.12776965153,123.29056107197,120.42734726533,121.04978504938,56517146.0
128.4,129.37,126.26,126.6,72842060.0,0.0,1.0,122.95540226518,123.8842709583,120.90614556076,121.23172840165,72842060.0
127.96,129.57,125.06,127.14,88528487.0,0.0,1.0,122.5340597652,124.07579027647,119.75702965174,121.74883056071,88528487.0
126.41,127.22,123.8,124.51,68856582.0,0.0,1.0,121.04978504938,121.82543828797,118.55045794727,119.23035152677,68856582.0
124.75,124.77,122.11,122.24,68938974.0,0.0,1.0,119.46017470857,119.47932664039,116.93211970873,117.05660726554,68938974.0
122.31,124.9,121.63,124.45,48362719.0,0.0,1.0,117.1236390269,119.6038141972,116.47247334512,119.17289573132,48362719.0
124.4,125.3951,122.58,123.59,51827283.0,0.0,1.0,119.12501590178,120.07792026933,117.38219010643,118.34936266319,51827283.0
123.88,124.95,122.87,124.95,35874300.0,0.0,1.0,118.62706567453,119.65169402674,117.65989311777,119.65169402674,35874300.0
125.9,127.32,125.65,127.04,51023104.0,0.0,1.0,120.56141078805,121.92119794706,120.32201164034,121.65307090162,51023104.0
127.0,129.16,126.37,128.47,65270945.0,0.0,1.0,121.61476703799,123.68317567422,121.01148118575,123.02243402654,65270945.0
128.75,129.2451,127.4,127.495,45809490.0,0.0,1.0,123.29056107197,123.7646671441,121.99780567433,122.08877735046,45809490.0
128.25,128.4,125.16,125.9,68695136.0,0.0,1.0,122.81176277655,122.95540226518,119.85278931082,120.56141078805,68695136.0
127.12,127.85,126.52,127.21,37709674.0,0.0,1.0,121.72967862889,122.42872414021,121.15512067438,121.81586232206,37709674.0
127.23,128.04,126.56,126.69,32842304.0,0.0,1.0,121.83501425388,122.61066749247,121.19342453801,121.31791209482,32842304.0
126.54,126.82,123.38,123.38,51655177.0,0.0,1.0,121.1742726062,121.44239965163,118.14826737911,118.14826737911,51655177.0
122.76,124.88,122.6,124.24,47572869.0,0.0,1.0,117.55455749278,119.58466226538,117.40134203825,118.97180044724,47572869.0
124.57,124.7,122.91,123.25,39546151.0,0.0,1.0,119.28780732222,119.41229487903,117.69819698141,118.0237798223,39546151.0
124.05,126.4,124.0,126.37,47099670.0,0.0,1.0,118.78985709498,121.04020908348,118.74197726544,121.01148118575,47099670.0
126.09,126.49,124.355,124.43,42090553.0,0.0,1.0,120.74335414031,121.12639277665,119.08192405519,119.1537437995,42090553.0
124.82,125.12,123.1,124.25,40621437.0,0.0,1.0,119.52720646993,119.81448544719,117.88014033367,118.98137641315,40621437.0
125.03,125.56,124.19,125.32,32220131.0,0.0,1.0,119.72830175401,120.23582794716,118.9239206177,120.00600476536,32220131.0
124.47,127.51,124.33,127.35,37193975.0,0.0,1.0,119.19204766314,122.10314129932,119.05798414042,121.94992584478,37193975.0
127.64,128.1218,125.98,126.01,35012268.0,0.0,1.0,122.22762885613,122.6889988936,120.63801851532,120.66674641304,35012268.0
125.85,126.4,124.97,125.6,37329243.0,0.0,1.0,120.51353095851,121.04020908348,119.67084595856,120.2741318108,37329243.0
125.85,126.58,124.66,126.56,32483974.0,0.0,1.0,120.51353095851,121.21257646983,119.3739910154,121.19342453801,32483974.0
125.95,127.21,125.26,127.1,40187953.0,0.0,1.0,120.60929061759,121.81586232206,119.94854896991,121.71052669707,40187953.0
128.37,128.57,126.61,126.85,36365123.0,0.0,1.0,122.92667436745,123.11819368562,121.24130436755,121.47112754936,36365123.0
127.0,127.29,125.91,126.3,25524593.0,0.0,1.0,121.61476703799,121.89247004933,120.57098675396,120.94444942439,25524593.0
126.41,127.13,126.01,126.78,28970419.0,0.0,1.0,121.04978504938,121.7392545948,120.66674641304,121.404095788,28970419.0
126.28,127.1,126.11,126.17,28368987.0,0.0,1.0,120.92529749257,121.71052669707,120.76250607213,120.81996186758,28368987.0
125.55,126.14,124.46,124.75,51957046.0,0.0,1.0,120.22625198125,120.79123396986,119.18247169723,119.46017470857,51957046.0
125.57,128.12,125.17,127.6,47054310.0,0.0,1.0,120.24540391307,122.68727521974,119.86236527673,122.1893249925,47054310.0
128.1,128.2,126.67,126.91,32435057.0,0.0,1.0,122.66812328792,122.76388294701,121.29876016301,121.52858334481,32435057.0
126.99,128.87,126.32,128.62,37654505.0,0.0,1.0,121.60519107208,123.40547266288,120.96360135621,123.16607351516,37654505.0
128.3,130.42,128.14,129.67,45770902.0,0.0,1.0,122.85964260609,124.88974737869,122.70642715156,124.17154993556,45770902.0
130.49,130.63,129.23,130.28,44525905.0,0.0,1.0,124.95677914005,125.09084266277,123.75020743558,124.75568385598,44525905.0
132.31,133.13,131.15,132.65,96954207.0,0.0,1.0,126.6996049354,127.4848341399,125.58879289001,127.02518777629,96954207.0
134.455,134.54,129.57,130.56,118923970.0,0.0,1.0,128.75364962278,128.835045333,124.07579027647,125.02381090141,118923970.0
130.16,131.59,128.3,128.64,63386083.0,0.0,1.0,124.64077226507,126.01013538999,122.85964260609,123.18522544698,63386083.0
127.5,127.88,124.58,125.15,83195423.0,0.0,1.0,122.09356533341,122.45745203793,119.29738328813,119.84321334491,83195423.0
126.1,130.13,125.3,128.95,58512638.0,0.0,1.0,120.75293010622,124.61204436735,119.98685283354,123.48208039014,58512638.0
129.5,130.57,128.26,128.7,50988278.0,0.0,1.0,124.00875851511,125.03338686732,122.82133874246,123.24268124243,50988278.0
128.15,128.4498,125.78,125.8,49271416.0,0.0,1.0,122.71600311746,123.0030905754,120.44649919715,120.46565112897,49271416.0
126.56,126.75,123.36,125.01,72141010.0,0.0,1.0,121.19342453801,121.37536789027,118.12911544729,119.70914982219,72141010.0
124.77,126.08,124.02,125.26,43940895.0,0.52,1.0,119.9753289544,121.23498817481,119.25415001142,120.44649919715,43940895.0
126.68,127.62,126.11,127.62,55550382.0,0.0,1.0,121.81193132919,122.71580893773,121.26383533253,122.71580893773,55550382.0
127.39,127.56,125.625,126.32,42035757.0,0.0,1.0,122.49464739522,122.65811462229,120.7974729494,121.46576543656,42035757.0
125.6,126.88,124.82,125.865,48160032.0,0.0,1.0,120.7734336513,122.00424571399,120.0234075506,121.02825021115,48160032.0
126.15,127.19,125.87,126.01,34694235.0,0.0,1.0,121.30229820949,122.30233301042,121.03305807077,121.16767814013,34694235.0
127.41,128.95,127.16,128.95,45203456.0,0.0,1.0,122.5138788337,123.99469959662,122.2734858527,123.99469959662,45203456.0
129.07,129.49,128.21,128.77,38208034.0,0.0,1.0,124.11008822749,124.51394843556,123.28313637288,123.8216166503,38208034.0
128.38,130.72,128.36,130.19,50882918.0,0.0,1.0,123.44660359995,125.69668190205,123.42737216147,125.18704878235,50882918.0
130.69,130.88,129.64,130.07,44633240.0,0.0,1.0,125.66783474433,125.85053340989,124.65818422416,125.07166015147,44633240.0
130.0,130.98,129.34,130.06,36454932.0,0.0,1.0,125.00435011679,125.94669060229,124.36971264697,125.06204443223,36454932.0
130.07,131.63,129.83,131.39,39730364.0,0.0,1.0,125.07166015147,126.57171235287,124.84088288972,126.34093509112,39730364.0
131.6,132.97,131.4,132.54,45595972.0,0.0,1.0,126.54286519515,127.860218731,126.35055081036,127.44674280369,45595972.0
132.6,132.91,129.12,129.62,70697560.0,0.0,1.0,127.50443711913,127.80252441556,124.15816682369,124.63895278568,70697560.0
130.34,132.26,130.05,132.045,45833246.0,0.0,1.0,125.33128457094,127.17750266498,125.05242871299,126.97076470132,45833246.0
131.86,131.95,131.1,131.78,30733309.0,0.0,1.0,126.79287389539,126.87941536854,126.06207923316,126.71594814147,30733309.0
131.23,131.45,129.9,130.28,50884452.0,0.0,1.0,126.18708358328,126.39862940656,124.90819292439,125.27359025551,50884452.0
131.2,131.39,130.05,130.535,32112797.0,0.0,1.0,126.15823642556,126.34093509112,125.05242871299,125.51879109612,32112797.0
129.86,130.655,129.32,129.96,33667627.0,0.0,1.0,124.86973004744,125.634179727,124.35048120849,124.96588723983,33667627.0
130.66,130.94,129.9,130.12,30983542.0,0.0,1.0,125.63898758662,125.90822772533,124.90819292439,125.11973874767,30983542.0
129.58,130.58,128.91,129.36,38450118.0,0.0,1.0,124.60048990872,125.5620618327,123.95623671966,124.38894408545,38450118.0
129.5,129.69,128.36,128.65,35626800.0,0.0,1.0,124.5235641548,124.70626282036,123.42737216147,123.70622801943,35626800.0
128.9,129.21,126.83,127.8,52674786.0,0.0,1.0,123.94662100042,124.24470829685,121.95616711779,122.88889188405,52674786.0
126.7,128.08,125.62,127.42,56075420.0,0.0,1.0,121.83116276767,123.15813202276,120.79266508978,122.52349455294,56075420.0
127.92,129.34,127.85,128.88,39087250.0,0.0,1.0,123.00428051492,124.36971264697,122.93697048025,123.92738956194,39087250.0
129.18,130.18,128.475,128.59,35390887.0,0.0,1.0,124.21586113913,125.17743306311,123.53795293273,123.64853370399,35390887.0
128.185,128.33,127.11,127.17,36886246.0,0.0,1.0,123.25909707478,123.39852500375,122.2254072565,122.28310157194,36886246.0
126.1,127.24,125.71,126.92,43988946.0,0.0,1.0,121.25421961329,122.35041160662,120.87920656294,122.04270859095,43988946.0
127.03,127.85,126.37,127.6,31494131.0,0.0,1.0,122.14848150259,122.93697048025,121.51384403276,122.69657749925,31494131.0
127.72,127.88,126.74,127.3,32918071.0,0.0,1.0,122.81196613013,122.96581763796,121.86962564463,122.40810592206,32918071.0
127.23,128.31,127.22,127.88,35407220.0,0.0,1.0,122.34079588738,123.37929356527,122.33118016814,122.96581763796,35407220.0
127.71,127.82,126.4,126.6,54716887.0,0.0,1.0,122.80235041089,122.90812332253,121.54269119048,121.73500557528,54716887.0
127.49,128.06,127.08,127.61,34039345.0,0.0,1.0,122.59080458761,123.13890058428,122.19656009878,122.70619321849,34039345.0
127.48,127.61,126.8792,127.03,30268863.0,0.0,1.0,122.58118886837,122.70619321849,122.00347645645,122.14848150259,30268863.0
127.21,129.8,127.12,128.11,55280855.0,0.0,1.0,122.3215644489,124.812035732,122.23502297574,123.18697918048,55280855.0
128.86,129.2,127.5,127.5,31938100.0,0.0,1.0,123.90815812346,124.23509257761,122.60042030685,122.60042030685,31938100.0
127.67,127.99,126.51,126.75,44066841.0,0.0,1.0,122.76388753393,123.0715905496,121.64846410212,121.87924136387,44066841.0
125.46,126.47,124.48,124.53,49161427.0,0.0,1.0,120.63881358194,121.61000122516,119.69647309645,119.74455169265,49161427.0
125.57,126.12,124.86,125.425,44370682.0,0.0,1.0,120.74458649358,121.27345105177,120.06187042756,120.6051585646,44370682.0
126.9,126.94,125.99,126.6,30238811.0,0.0,1.0,122.02347715247,122.06194002943,121.14844670165,121.73500557528,30238811.0
126.43,126.69,125.77,126.44,27210952.0,0.0,1.0,121.5715383482,121.82154704843,120.93690087838,121.58115406744,27210952.0
124.94,126.23,124.85,126.0,28060431.0,0.0,1.0,120.13879618148,121.37922396341,120.05225470832,121.15806242089,28060431.0
125.89,126.15,123.77,125.69,46946811.0,0.0,1.0,121.05228950925,121.30229820949,119.01375703043,120.85997512446,46946811.0
124.48,124.64,122.54,122.57,60761614.0,0.0,1.0,119.69647309645,119.85032460428,117.83102356394,117.85987072166,60761614.0
123.85,124.06,119.22,120.07,78595038.0,0.0,1.0,119.09068278434,119.29261288838,114.63860477634,115.45594091172,78595038.0
121.94,123.85,121.21,123.28,61354474.0,0.0,1.0,117.25408040955,119.09068278434,116.55213290505,118.54258678768,61354474.0
125.03,125.755,124.32,125.66,41440538.0,0.0,1.0,120.22533765463,120.92247729952,119.54262158861,120.83112796674,41440538.0
126.04,126.37,125.04,125.61,31768139.0,0.0,1.0,121.19652529785,121.51384403276,120.23495337387,120.78304937054,31768139.0
125.72,127.15,125.58,126.82,33649200.0,0.0,1.0,120.88882228218,122.26387013346,120.75420221282,121.94655139855,33649200.0
127.74,128.57,127.35,128.51,36222447.0,0.0,1.0,122.83119756861,123.62930226551,122.45618451826,123.57160795007,36222447.0
129.08,129.62,128.31,129.62,46164710.0,0.0,1.0,124.11970394673,124.63895278568,123.37929356527,124.63895278568,46164710.0
130.97,132.97,130.7,132.07,58900203.0,0.0,1.0,125.93707488305,127.860218731,125.67745046357,126.99480399942,58900203.0
132.85,132.92,130.32,130.75,76756427.0,0.0,1.0,127.74483010012,127.8121401348,125.31205313246,125.72552905977,76756427.0
121.99,125.5,121.99,125.22,115450607.0,0.0,1.0,117.30215900575,120.6772764589,117.30215900575,120.40803632019,115450607.0
126.2,127.09,125.06,125.16,50999452.0,0.0,1.0,121.35037680569,122.20617581802,120.25418481235,120.35034200475,50999452.0
125.32,125.74,123.9,124.5,42162332.0,0.0,1.0,120.50419351259,120.90805372066,119.13876138054,119.71570453493,42162332.0
123.09,123.61,122.12,122.77,44455540.0,0.0,1.0,118.35988812212,118.85990552259,117.42716335587,118.05218510645,44455540.0
123.38,123.91,122.55,123.38,33618097.0,0.0,1.0,118.63874398008,119.14837709978,117.84063928318,118.63874398008,33618097.0
123.15,123.5,122.27,122.99,37011653.0,0.0,1.0,118.41758243756,118.75413261095,117.57139914446,118.26373092972,37011653.0
122.32,122.5699,121.71,122.37,33628268.0,0.0,1.0,117.61947774066,117.85977456446,117.03291886704,117.66755633686,33628268.0
122.6,122.6425,120.91,121.3,42884953.0,0.0,1.0,117.88871787937,117.92958468614,116.26366132786,116.63867437821,42884953.0
121.5,122.57,117.52,118.44,69975968.0,0.0,1.0,116.830988763,117.85987072166,113.00393250558,113.88857867564,69975968.0
117.42,117.7,113.25,114.64,124138623.0,0.0,1.0,112.90777531318,113.1770154519,108.89802039021,110.23460536453,124138623.0
112.95,117.44,112.1,115.4,98384461.0,0.0,1.0,108.60954881301,112.92700675166,107.79221267763,110.96540002675,98384461.0
115.97,116.5,114.115,115.13,52903040.0,0.52,1.0,112.01716160087,112.52909654653,110.22538929105,111.20579300775,52903040.0
114.58,116.25,114.5,115.52,38670405.0,0.0,1.0,110.67453976225,112.28761779858,110.5972665629,111.58249985455,38670405.0
116.53,119.99,116.53,119.72,54951597.0,0.0,1.0,112.55807399629,115.90013986797,112.55807399629,115.63934282018,54951597.0
117.81,118.18,113.33,113.49,97082814.0,0.0,1.0,113.79444518581,114.15183373278,109.46714602248,109.62169242117,97082814.0
112.53,115.42,109.63,115.24,101685610.0,0.0,1.0,108.69441402903,111.48590835537,105.89326055276,111.31204365685,101685610.0
116.04,116.4,114.54,115.15,48535789.0,0.0,1.0,112.0847756503,112.43250504735,110.63590316257,111.22511130758,48535789.0
114.32,116.31,114.01,115.96,42929516.0,0.0,1.0,110.42340186438,112.34557269809,110.12396821691,112.00750245095,42929516.0
116.04,117.65,115.5,117.16,40884745.0,0.0,1.0,112.0847756503,113.63989878712,111.56318155472,113.16660044113,40884745.0
116.43,117.44,116.01,116.5,34560708.0,0.0,1.0,112.46148249711,113.43705663884,112.05579820054,112.52909654653,34560708.0
116.1,116.52,114.68,115.01,48286510.0,0.0,1.0,112.14273054981,112.54841484637,110.77113126143,111.08988320873,48286510.0
114.08,114.35,111.63,112.65,68501622.0,0.0,1.0,110.19158226634,110.45237931413,107.82509053639,108.81032382804,68501622.0
110.43,111.9,105.645,105.76,128275471.0,0.0,1.0,106.66599254621,108.08588758418,102.04408931037,102.15516953443,128275471.0
94.87,108.8,92.0,103.12,162206292.0,0.0,1.0,91.636355273559,105.09155110955,88.864179247048,99.605153956039,162206292.0
111.11,111.11,103.5,103.74,103601599.0,0.0,1.0,107.32281474065,107.32281474065,99.972201652929,100.20402125096,103601599.0
107.085,109.89,105.05,109.69,96774611.0,0.0,1.0,103.43500689859,106.14439845063,101.46936989024,105.95121545227,96774611.0
112.25,113.24,110.02,112.92,84616056.0,0.0,1.0,108.42395783132,109.38021367321,106.26996739957,109.07112087583,84616056.0
112.17,113.31,111.54,113.29,53164407.0,0.0,1.0,108.34668463197,109.44782772264,107.73815818713,109.42850942281,53164407.0
112.13,114.53,112.0,112.76,56229271.0,0.0,1.0,108.3080480323,110.62624401266,108.18247908336,108.91657447714,56229271.0
110.18,111.88,107.36,107.72,76845860.0,0.0,1.0,106.42451379826,108.06656928434,103.70063352134,104.04836291839,76845860.0
110.0,112.34,109.131,112.34,61888812.0,0.0,1.0,106.25064909973,108.51089018058,105.41126897184,108.51089018058,61888812.0
112.49,112.78,110.04,110.37,53233940.0,0.0,1.0,108.65577742935,108.93589277698,106.2892856994,106.6080376467,53233940.0
108.97,110.45,108.51,109.27,49996311.0,0.0,1.0,105.25575665816,106.68531084605,104.81143576193,105.54553115571,49996311.0
111.65,112.56,110.32,112.31,54843626.0,0.0,1.0,107.84440883623,108.72339147878,106.55974189711,108.48191273083,54843626.0
113.76,114.02,109.77,110.15,85010804.0,0.0,1.0,109.88248946896,110.13362736683,106.02848865161,106.3955363485,85010804.0
110.27,113.2825,109.9,112.57,62892831.0,0.0,1.0,106.51144614752,109.42126506037,106.15405760055,108.7330506287,62892831.0
111.79,114.21,111.76,114.21,49915473.0,0.0,1.0,107.97963693508,110.31715121528,107.95065948533,110.31715121528,49915473.0
116.58,116.89,114.86,115.31,58363431.0,0.0,1.0,112.60636974588,112.90580339334,110.94499595996,111.37965770627,58363431.0
115.93,116.53,114.42,116.28,43341155.0,0.0,1.0,111.9785250012,112.55807399629,110.51999336356,112.31659524833,43341155.0
116.25,116.54,115.44,116.41,37173489.0,0.0,1.0,112.28761779858,112.56773314621,111.50522665521,112.44216419727,37173489.0
115.66,116.49,113.715,113.92,64112641.0,0.0,1.0,111.71772795341,112.51943739662,109.83902329433,110.03703586765,64112641.0
112.21,114.3,111.87,113.45,74285291.0,0.0,1.0,108.38532123164,110.40408356454,108.05691013443,109.5830558215,74285291.0
113.67,115.37,113.66,115.21,50221965.0,0.0,1.0,109.7955571197,111.43761260578,109.78589796978,111.28306620709,50221965.0
113.38,114.18,112.5201,113.4,50346159.0,0.0,1.0,109.51544177207,110.28817376552,108.68485147061,109.5347600719,50346159.0
113.63,114.72,113.3,114.32,35756716.0,0.0,1.0,109.75692052002,110.8097678611,109.43816857272,110.42340186438,35756716.0
113.25,115.5,112.37,115.0,50219475.0,0.0,1.0,109.38987282313,111.56318155472,108.53986763033,111.08022405881,50219475.0
116.44,116.69,114.02,114.71,56151926.0,0.0,1.0,112.47114164702,112.71262039498,110.13362736683,110.80010871118,56151926.0
113.85,114.57,112.44,112.44,50782189.0,0.0,1.0,109.96942181822,110.66488061233,108.60748167976,108.60748167976,50782189.0
112.83,113.51,107.86,109.06,73365384.0,0.0,1.0,108.98418852657,109.641010721,104.18359101725,105.34268900742,73365384.0
110.17,111.54,108.73,109.95,65041596.0,0.0,1.0,106.41485464834,107.73815818713,105.02393706013,106.20235335014,65041596.0
109.07,109.62,107.31,109.58,63929100.0,0.0,1.0,105.35234815734,105.88360140284,103.65233777175,105.84496480317,63929100.0
108.01,111.0136,107.55,110.38,58019758.0,0.0,1.0,104.32847826602,107.22970053544,103.88415736978,106.61769679662,58019758.0
109.88,111.3698,109.07,110.78,52064743.0,0.0,1.0,106.13473930071,107.57375945552,105.35234815734,107.00406279335,52064743.0
110.63,111.74,109.765,111.31,48856977.0,0.0,1.0,106.85917554458,107.93134118549,106.02365907665,107.51599773901,48856977.0
111.74,111.77,109.41,110.78,46765550.0,0.0,1.0,107.93134118549,107.96031863525,105.68075925456,107.00406279335,46765550.0
110.19,110.19,108.21,109.5,61979577.0,0.0,1.0,106.43417294818,106.43417294818,104.52166126438,105.76769160382,61979577.0
110.0,112.28,109.49,112.12,52766140.0,0.0,1.0,106.25064909973,108.45293528107,105.75803245391,108.29838888238,52766140.0
112.73,112.75,111.44,111.6,30467204.0,0.0,1.0,108.88759702739,108.90691532722,107.64156668795,107.79611308664,30467204.0
110.82,112.45,110.68,111.79,33049256.0,0.0,1.0,107.04269939302,108.61714082968,106.90747129417,107.97963693508,33049256.0
111.29,111.52,109.56,110.21,44462449.0,0.0,1.0,107.49667943917,107.71883988729,105.82564650333,106.45349124801,44462449.0
110.93,112.1,110.49,111.86,37673452.0,0.0,1.0,107.14895004212,108.27907058254,106.72394744572,108.04725098451,37673452.0
111.78,112.0,110.53,111.04,39232609.0,0.0,1.0,107.96997778516,108.18247908336,106.76258404539,107.25520069122,39232609.0
110.8,111.75,110.11,111.73,29759153.0,0.0,1.0,107.02338109318,107.94100033541,106.35689974883,107.92168203557,29759153.0
111.34,114.17,110.82,113.77,48967763.0,0.0,1.0,107.54497518876,110.2785146156,107.04269939302,109.89214861888,48967763.0
114.0,115.58,113.7,113.76,42326974.0,0.0,1.0,110.11430906699,111.64045475406,109.82453456945,109.88248946896,42326974.0
114.33,115.5,114.1,115.5,41654089.0,0.0,1.0,110.43306101429,111.56318155472,110.21090056618,111.56318155472,41654089.0
116.7,119.228,116.33,119.08,59366914.0,0.0,1.0,112.7222795449,115.16411264421,112.36489099792,115.02115722542,59366914.0
118.08,118.13,114.92,115.28,66333781.0,0.0,1.0,114.0552422336,114.10353798319,111.00295085946,111.35068025652,66333781.0
115.4,116.54,113.99,114.55,69884400.0,0.0,1.0,111.46659005554,112.56773314621,110.10464991708,110.64556231249,69884400.0
116.93,119.3,116.06,119.27,85551352.0,0.0,1.0,112.94443999301,115.23365852362,112.10409395013,115.20468107386,85551352.0
118.7,120.69,118.27,120.53,51227334.0,0.0,1.0,114.65410952853,116.57628036224,114.23876608205,116.42173396355,51227334.0
120.99,121.22,119.45,119.5,49365254.0,0.0,1.0,116.86605485979,117.0882153079,115.37854577239,115.42684152198,49365254.0
119.87,121.36,119.61,121.18,32203267.0,0.0,1.0,115.78423006895,117.22344340676,115.53309217108,117.04957870823,32203267.0
120.79,123.49,120.7,122.57,45518976.0,0.0,1.0,116.67287186142,119.28084233933,116.58593951216,118.39220054686,45518976.0
123.13,123.82,121.62,122.0,44886050.0,0.0,1.0,118.93311294227,119.59959428662,117.47458130463,117.84162900152,44886050.0
121.85,122.69,120.18,120.92,39552680.0,0.52,1.0,118.20288056942,119.01773834273,116.58286571056,117.3007166061,39552680.0
121.11,121.81,120.62,121.06,33042283.0,0.0,1.0,117.48502967388,118.16407781831,117.00969597278,117.43652623499,33042283.0
120.96,121.81,120.05,120.57,33871405.0,0.0,1.0,117.33951935721,118.16407781831,116.45675676946,116.96119253389,33871405.0
116.9,118.07,116.061,116.77,59127931.0,0.0,1.0,113.40104011953,114.5360205895,112.58715241499,113.27493117842,59127931.0
116.37,117.42,115.21,116.11,45217971.0,0.0,1.0,112.88690366732,113.90547588396,111.76162388512,112.6346857851,45217971.0
116.26,116.82,115.65,115.72,32525579.0,0.0,1.0,112.78019610177,113.32343461731,112.18845414734,112.25635896178,32525579.0
115.2,115.57,112.27,112.34,45812403.0,0.0,1.0,111.75192319735,112.11084864512,108.90962167852,108.97752649297,45812403.0
111.38,114.24,111.0,114.175,38106701.0,0.0,1.0,108.04626046632,110.8206571707,107.67763433078,110.75760270015,38106701.0
114.92,115.05,113.32,113.69,27583101.0,0.0,1.0,111.48030393957,111.60641288068,109.92819389517,110.28711934294,27583101.0
115.76,117.49,115.5,117.29,46674697.0,0.0,1.0,112.29516171289,113.9733806984,112.04294383067,113.77936694285,46674697.0
117.64,119.75,116.76,118.78,43295820.0,0.0,1.0,114.11889101507,116.16573613613,113.26523049064,115.22476942171,43295820.0
119.2,119.92,118.85,119.3,34287096.0,0.0,1.0,115.63219830837,116.33064782835,115.29267423615,115.72920518614,34287096.0
119.27,119.73,117.34,117.75,32482528.0,0.0,1.0,115.70010312281,116.14633476058,113.82787038174,114.22559858062,32482528.0
117.33,119.35,117.12,118.88,42803172.0,0.0,1.0,113.81816969396,115.77770862503,113.61445525064,115.32177629948,42803172.0
119.21,119.23,117.92,118.03,21388308.0,0.0,1.0,115.64189899614,115.6613003717,114.39051027284,114.49721783839,21388308.0
118.29,118.41,117.6,117.81,13046445.0,0.0,1.0,114.74943572061,114.86584397394,114.08008826396,114.28380270729,13046445.0
117.99,119.41,117.75,118.3,39180322.0,0.0,1.0,114.45841508728,115.83591275169,114.22559858062,114.75913640839,39180322.0
118.75,118.81,116.86,117.34,34852374.0,0.0,1.0,115.19566735838,115.25387148504,113.36223736842,113.82787038174,34852374.0
117.05,118.11,116.08,116.28,33386563.0,0.0,1.0,113.54655043619,114.57482334061,112.60558372177,112.79959747732,33386563.0
116.55,116.79,114.22,115.2,41569509.0,0.0,1.0,113.06151604732,113.29433255398,110.80125579515,111.75192319735,41569509.0
115.29,119.25,115.11,119.03,57776977.0,0.0,1.0,111.83922938734,115.68070174725,111.66461700735,115.46728661615,57776977.0
118.98,119.86,117.81,118.28,32084249.0,0.0,1.0,115.41878317726,116.27244370168,114.28380270729,114.73973503283,32084249.0
117.52,118.6,116.86,118.23,34309450.0,0.0,1.0,114.00248276174,115.05015704171,113.36223736842,114.69123159394,34309450.0
117.64,117.69,115.08,115.62,46361357.0,0.0,1.0,114.11889101507,114.16739445396,111.63551494402,112.159352084,46361357.0
116.04,116.94,115.51,116.17,29212727.0,0.0,1.0,112.56678097066,113.43984287064,112.05264451845,112.69288991177,29212727.0
115.19,115.39,112.851,113.18,46886161.0,0.0,1.0,111.74222250957,111.93623626512,109.4732316384,109.79238426628,46886161.0
112.18,112.68,109.79,112.48,65003609.0,0.0,1.0,108.82231548853,109.3073498774,106.50385110969,109.11333612185,65003609.0
111.94,112.8,110.35,110.49,53323105.0,0.0,1.0,108.58949898187,109.42375813073,107.04708962524,107.18289925412,53323105.0
111.07,111.99,108.8,111.34,56238467.0,0.0,1.0,107.74553914522,108.63800242075,105.54348301972,108.00745771521,56238467.0
112.02,112.25,108.98,108.98,44772827.0,0.0,1.0,108.66710448409,108.89022030297,105.71809539971,105.71809539971,44772827.0
108.91,109.52,105.81,106.03,96453327.0,0.0,1.0,105.65019058527,106.2419325397,102.64297737423,102.85639250534,96453327.0
107.28,107.37,105.57,107.33,47590610.0,0.0,1.0,104.06897847753,104.15628466753,102.41016086757,104.11748191642,47590610.0
107.4,107.72,106.451,107.23,32789367.0,0.0,1.0,104.18538673086,104.49580873974,103.26479146077,104.02047503864,32789367.0
107.27,108.85,107.2,108.61,32657354.0,0.0,1.0,104.05927778975,105.5919864586,103.99137297531,105.35916995194,32657354.0
109.0,109.0,107.95,108.03,13596680.0,0.0,1.0,105.73749677527,105.73749677527,104.71892455862,104.79653006084,13596680.0
107.59,107.69,106.1807,106.82,26704210.0,0.0,1.0,104.36969979863,104.46670667641,103.00258187014,103.62274683976,26704210.0
106.96,109.43,106.86,108.74,30931243.0,0.0,1.0,103.75855646865,106.1546263497,103.66154959087,105.48527889305,30931243.0
108.58,108.7,107.18,107.32,25213777.0,0.0,1.0,105.33006788861,105.44647614194,103.97197159975,104.10778122864,25213777.0
107.01,107.03,104.82,105.26,40912316.0,0.0,1.0,103.80705990753,103.82646128309,101.68260928425,102.10943954646,40912316.0
102.61,105.368,102.0,105.35,67649387.0,0.0,1.0,99.538757285414,102.21420697446,98.947015330984,102.19674573646,67649387.0
105.75,105.85,102.41,102.71,55790992.0,0.0,1.0,102.58477324756,102.68178012534,99.344743529863,99.63576416319,55790992.0
100.56,102.37,99.87,100.7,68457388.0,0.0,1.0,97.550116291017,99.305940778753,96.880768834366,97.685925919903,68457388.0
98.68,100.13,96.43,96.45,81094428.0,0.0,1.0,95.726386988838,97.132986716582,93.54373223889,93.563133614445,81094428.0
98.55,99.11,96.76,96.96,70798016.0,0.0,1.0,95.60027804773,96.143516563272,93.863854935549,94.0578686911,70798016.0
98.97,99.06,97.34,98.53,49739377.0,0.0,1.0,96.007706934387,96.095013124385,94.426494826647,95.580876672175,49739377.0
100.55,100.69,98.8399,99.96,49154227.0,0.0,1.0,97.540415603239,97.676225232125,95.881500986401,96.968075024364,49154227.0
100.32,101.19,97.3,97.39,62439631.0,0.0,1.0,97.317299784356,98.161259621002,94.387692075536,94.474998265534,62439631.0
97.96,100.48,95.74,99.52,63170127.0,0.0,1.0,95.027937468855,97.472510788796,92.874384782239,96.541244762152,63170127.0
96.2,97.71,95.36,97.13,79833891.0,0.0,1.0,93.320616420006,94.785420274416,92.505758646692,94.222780383318,79833891.0
98.41,98.65,95.5,96.66,53087747.0,0.0,1.0,95.464468418844,95.697284925505,92.641568275578,93.766848057773,53087747.0
95.1,98.1897,93.42,96.79,72334416.0,0.0,1.0,92.253540764476,95.250762267105,90.623825217848,93.892956998881,72334416.0
97.06,97.88,94.94,96.3,52161463.0,0.0,1.0,94.154875568875,94.950331966634,92.098329760035,93.417623297782,52161463.0
98.63,101.46,98.37,101.42,65800467.0,0.0,1.0,95.67788354995,98.423178190996,95.425665667734,98.384375439886,65800467.0
101.52,101.53,99.21,99.44,51794525.0,0.0,1.0,98.481382317661,98.491083005439,96.240523441048,96.463639259932,51794525.0
99.93,100.88,98.07,99.99,75077002.0,0.0,1.0,96.938972961031,97.860538299898,95.134645034408,96.997177087697,75077002.0
96.04,96.6289,93.34,93.42,133369674.0,0.0,1.0,93.165405415565,93.736678918785,90.546219715628,90.623825217848,133369674.0
93.79,94.52,92.39,94.09,55678825.0,0.0,1.0,90.982750665617,91.690900873378,89.624654376761,91.273771298944,55678825.0
94.79,97.34,94.35,97.34,64416504.0,0.0,1.0,91.952819443372,94.426494826647,91.52598918116,94.426494826647,64416504.0
96.47,96.71,95.4,96.43,40943541.0,0.0,1.0,93.58253499,93.815351496661,92.544561397802,93.54373223889,40943541.0
95.42,96.04,94.28,94.48,37357215.0,0.0,1.0,92.563962773357,93.165405415565,91.458084366717,91.652098122268,37357215.0
95.0,96.84,94.08,96.35,45964294.0,0.0,1.0,92.1565338867,93.941460437769,91.264070611166,93.466126736669,45964294.0
95.86,97.33,95.19,96.6,46471652.0,0.52,1.0,93.491364592283,94.925041891998,92.83791983663,94.213079695541,46471652.0
96.52,96.92,93.69,94.02,46418064.0,0.0,1.0,94.135056441134,94.525172713166,91.374983816513,91.696829740939,46418064.0
93.13,95.7,93.04,95.01,54021375.0,0.0,1.0,90.82882103567,93.33531808347,90.741044874463,92.662367514216,54021375.0
94.29,95.94,93.93,94.99,44331195.0,0.0,1.0,91.96015822456,93.569387846689,91.609053579732,92.642861700615,44331195.0
95.92,96.35,94.1,94.27,42343601.0,0.0,1.0,93.549882033087,93.969257025521,91.774852995345,91.940652410959,42343601.0
93.79,94.72,92.59,93.7,50074711.0,0.0,1.0,91.472512884521,92.379533216994,90.302164068428,91.384736723314,50074711.0
94.19,94.5,93.01,93.99,40351381.0,0.0,1.0,91.862629156552,92.164969267377,90.71178615406,91.667571020537,40351381.0
95.02,96.85,94.61,96.64,49057916.0,0.0,1.0,92.672120421017,94.45690236556,92.272251242185,94.252091322744,49057916.0
96.67,98.21,96.15,98.12,44863243.0,0.0,1.0,94.281350043146,95.783297690466,93.774198889505,95.695521529259,44863243.0
98.84,98.89,96.091,96.26,39020983.0,0.0,1.0,96.397730818915,96.446495352919,93.716656739381,93.881480864314,39020983.0
96.0,96.7599,95.8,96.04,35374173.0,0.0,1.0,93.627905287494,94.369028675285,93.432847151478,93.666916914697,35374173.0
96.31,96.9,95.92,96.88,34280758.0,0.0,1.0,93.930245398318,94.505666899564,93.549882033087,94.486161085962,34280758.0
96.4,96.5,94.55,94.69,31942633.0,0.0,1.0,94.018021559525,94.115550627533,92.213733801381,92.350274496591,31942633.0
93.98,96.38,93.32,96.1,36255745.0,0.0,1.0,91.657818113736,93.998515745923,91.014126264884,93.725434355502,36255745.0
96.05,96.76,95.25,96.76,27582659.0,0.0,1.0,93.676669821498,94.369126204353,92.896437277435,94.369126204353,27582659.0
97.2,98.0237,96.58,96.91,28991131.0,0.0,1.0,94.798254103587,95.601601036768,94.193573881939,94.515419806365,28991131.0
96.86,98.23,96.65,96.69,35216277.0,0.0,1.0,94.466655272361,95.802803504068,94.261844229544,94.300855856748,35216277.0
97.65,100.77,97.42,100.53,50407147.0,0.0,1.0,95.237134909623,98.280041831466,95.012818053205,98.045972068247,50407147.0
100.51,100.89,99.64,100.75,33169560.0,0.0,1.0,98.026466254646,98.397076713075,97.177963362978,98.260536017864,33169560.0
100.58,101.7099,100.45,101.5,36955742.0,0.0,1.0,98.094736602251,99.196717541671,97.967948813841,98.992004027923,36955742.0
102.37,103.75,101.37,103.01,46055100.0,0.0,1.0,99.840506919591,101.1864080581,98.865216239513,100.46469295484,46055100.0
102.39,102.83,100.96,101.87,35915810.0,0.0,1.0,99.860012733193,100.28914063243,98.465347060681,99.352861579552,35915810.0
100.78,101.76,100.4,101.03,31182194.0,0.0,1.0,98.289794738267,99.245579604743,97.919184279837,98.533617408286,31182194.0
101.31,101.58,100.27,101.12,27201683.0,0.0,1.0,98.806698798708,99.070027282329,97.792396491427,98.621393569493,27201683.0
101.41,102.24,100.15,101.17,33513577.0,0.0,1.0,98.904227866716,99.713719131181,97.675361609818,98.670158103497,33513577.0
102.24,102.28,101.5,102.26,27408237.0,0.0,1.0,99.713719131181,99.752730758384,98.992004027923,99.733224944782,27408237.0
101.91,102.91,101.78,102.52,25076062.0,0.0,1.0,99.391873206755,100.36716388683,99.265085418345,99.986800521603,25076062.0
103.96,105.18,103.85,104.58,40067734.0,0.0,1.0,101.39121910092,102.58107373061,101.28393712611,101.99589932256,40067734.0
104.61,106.31,104.59,105.97,38303493.0,0.0,1.0,102.02515804297,103.6831521991,102.00565222936,103.35155336787,38303493.0
105.52,106.47,104.96,105.8,34420705.0,0.0,1.0,102.91267256184,103.83919870791,102.36650978099,103.18575395226,34420705.0
106.34,106.5,105.19,105.92,44205171.0,0.0,1.0,103.7124109195,103.86845742831,102.59082663741,103.30278883387,44205171.0
105.93,107.65,105.1401,105.91,35502678.0,0.0,1.0,103.31254174067,104.9900417104,102.54215963248,103.29303592707,35502678.0
105.25,107.29,105.21,106.72,32444375.0,0.0,1.0,102.64934407822,104.63893706558,102.61033245101,104.08302137793,32444375.0
106.48,107.07,105.9,106.13,25703495.0,0.0,1.0,103.84895161471,104.42437311596,103.28328302027,103.50759987668,25703495.0
105.47,106.25,104.89,105.67,26132955.0,0.0,1.0,102.86390802783,103.62463475829,102.29823943339,103.05896616385,26132955.0
106.0,106.19,105.06,105.19,19411372.0,0.0,1.0,103.38081208827,103.56611731749,102.464038849,102.59082663741,19411372.0
104.89,107.79,104.88,107.68,31190083.0,0.0,1.0,102.29823943339,105.12658240561,102.28848652659,105.01930043081,31190083.0
108.65,110.42,108.6,109.56,45601149.0,0.0,1.0,105.96533239048,107.69159689422,105.91656785648,106.85284690935,45601149.0
109.72,109.9,108.88,108.99,25888449.0,0.0,1.0,107.00889341816,107.18444574058,106.1896492469,106.29693122171,25888449.0
108.78,110.0,108.2,109.99,25873950.0,0.0,1.0,106.09212017889,107.28197480859,105.52645158445,107.27222190179,25873950.0
110.42,112.19,110.27,111.12,37356204.0,0.0,1.0,107.69159689422,109.41786139796,107.54530329221,108.37430037027,37356204.0
109.51,110.73,109.42,109.81,26578652.0,0.0,1.0,106.80408237535,107.99393700504,106.71630621414,107.09666957937,26578652.0
110.23,110.98,109.2,110.96,26404077.0,0.0,1.0,107.506291665,108.23775967506,106.50174226452,108.21825386146,26404077.0
109.95,110.42,108.121,108.54,31801870.0,0.0,1.0,107.23321027458,107.69159689422,105.44940362072,105.85805041567,31801870.0
108.91,109.77,108.17,108.66,23581740.0,0.0,1.0,106.2189079673,107.05765795217,105.49719286404,105.97508529728,23581740.0
108.97,110.61,108.83,109.02,29407518.0,0.0,1.0,106.27742540811,107.87690212343,106.1408847129,106.32618994211,29407518.0
109.34,110.5,108.66,110.44,27232325.0,0.0,1.0,106.63828295974,107.76962014863,105.97508529728,107.71110270782,27232325.0
110.8,112.34,110.8,112.04,33257316.0,0.0,1.0,108.06220735265,109.56415499997,108.06220735265,109.27156779595,33257316.0
111.62,112.39,111.33,112.1,25473923.0,0.0,1.0,108.86194571031,109.61291953397,108.57911141309,109.33008523675,25473923.0
112.11,112.3,109.73,109.85,46938969.0,0.0,1.0,109.33983814355,109.52514337277,107.01864632497,107.13568120657,46938969.0
108.89,108.95,106.94,107.48,60821461.0,0.0,1.0,106.1994021537,106.2579195945,104.29758532755,104.82424229479,60821461.0
107.88,108.0,106.23,106.91,32384879.0,0.0,1.0,105.21435856682,105.33139344843,103.60512894469,104.26832660715,32384879.0
106.64,108.09,106.06,107.13,30611030.0,0.0,1.0,104.00499812352,105.41916960964,103.43932952908,104.48289055676,30611030.0
106.93,106.93,105.52,105.97,31552525.0,0.0,1.0,104.28783242075,104.28783242075,102.91267256184,103.35155336787,31552525.0
105.01,106.48,104.62,105.68,33683121.0,0.0,1.0,102.415274315,103.84895161471,102.03491094977,103.06871907065,33683121.0
105.0,105.65,104.51,105.08,28031588.0,0.0,1.0,102.4055214082,103.03946035025,101.92762897496,102.4835446626,28031588.0
103.91,105.3,103.91,104.35,56016165.0,0.0,1.0,101.34245456691,102.69810861222,101.34245456691,101.77158246615,56016165.0
96.0,98.71,95.68,97.82,114602142.0,0.0,1.0,93.627905287494,96.270943030505,93.315812269869,95.402934325236,114602142.0
97.61,97.88,94.25,94.83,82242690.0,0.0,1.0,95.198123282419,95.46145176604,91.921146597357,92.486815191802,82242690.0
93.99,94.72,92.51,93.74,68531478.0,0.0,1.0,91.667571020537,92.379533216994,90.224140814021,91.423748350517,68531478.0
93.965,94.08,92.4,93.64,48160104.0,0.0,1.0,91.643188753535,91.755347181744,90.116858839213,91.326219282509,48160104.0
94.2,95.74,93.68,95.18,56831277.0,0.0,1.0,91.872382063353,93.374329710673,91.365230909713,92.82816692983,56831277.0
95.2,95.9,93.82,94.19,41025475.0,0.0,1.0,92.847672743431,93.530376219486,91.501771604924,91.862629156552,41025475.0
94.0,94.07,92.68,93.24,35890500.0,0.57,1.0,92.237770888283,92.306458590009,90.94251708432,91.492018698123,35890500.0
93.37,93.45,91.85,92.72,43699886.0,0.0,1.0,91.619581572755,91.698081803299,90.128077192434,90.981767199592,43699886.0
93.0,93.77,92.59,92.79,32936436.0,0.0,1.0,91.256518006493,92.012082725472,90.854204324959,91.050454901317,32936436.0
93.33,93.57,92.11,93.42,33686836.0,0.0,1.0,91.580331457484,91.815832149114,90.3832029417,91.668644216845,33686836.0
93.48,93.57,92.46,92.51,28719109.0,0.0,1.0,91.727519389752,91.815832149114,90.726641450326,90.775704094416,28719109.0
92.72,92.78,89.47,90.34,76314690.0,0.0,1.0,90.981767199592,91.040642372499,87.792695333774,88.646385340931,76314690.0
90.0,91.67,90.0,90.52,44392765.0,0.0,1.0,88.312759361122,89.951451673712,88.312759361122,88.823010859653,44392765.0
92.39,94.39,91.65,93.88,61259756.0,0.0,1.0,90.657953748601,92.620459512182,89.931826616076,92.120020542469,61259756.0
94.55,94.7,93.01,93.49,46916939.0,0.0,1.0,92.777459973268,92.924647905537,91.266330535311,91.73733191857,46916939.0
94.16,95.21,93.89,94.56,42062391.0,0.0,1.0,92.39477134937,93.42508687525,92.129833071286,92.787272502086,42062391.0
94.64,94.64,93.57,94.2,30442100.0,0.0,1.0,92.865772732629,92.865772732629,91.815832149114,92.434021464641,30442100.0
94.64,95.43,94.52,95.22,32025968.0,0.0,1.0,92.865772732629,93.640962509243,92.748022386814,93.434899404067,32025968.0
95.87,97.19,95.67,96.43,38018643.0,0.0,1.0,94.072713777231,95.367967581194,93.876463200873,94.622215391034,38018643.0
97.22,98.09,96.84,97.9,35140174.0,0.0,1.0,95.397405167648,96.251095174805,95.024529072568,96.064657127265,35140174.0
98.67,99.74,98.11,99.62,38642108.0,0.0,1.0,96.820221846244,97.870162429759,96.270720232441,97.752412083945,38642108.0
99.68,100.73,98.64,100.41,56331159.0,0.0,1.0,97.811287256852,98.841602782732,96.79078425979,98.527601860559,56331159.0
99.44,100.47,99.245,100.35,36341240.0,0.0,1.0,97.575786565222,98.586477033466,97.384442253273,98.468726687651,36341240.0
99.6,100.4,98.82,99.86,42307212.0,0.0,1.0,97.732787026309,98.517789331741,96.967409778512,97.987912775574,42307212.0
99.02,99.54,98.33,98.46,29173285.0,0.0,1.0,97.16366035487,97.673911853401,96.486595866435,96.614158741068,29173285.0
97.6,97.84,96.63,97.72,40191600.0,0.0,1.0,95.770281262728,96.005781954358,94.818465967392,95.888031608543,40191600.0
97.79,98.27,97.45,97.92,28504888.0,0.0,1.0,95.956719310268,96.427720693528,95.62309333046,96.084282184901,28504888.0
97.99,101.89,97.55,98.63,23292504.0,0.0,1.0,96.152969886626,99.979856125608,95.721218618639,96.780971730972,23292504.0
99.25,99.87,98.96,99.03,22409450.0,0.0,1.0,97.389348517682,97.997725304392,97.104785181963,97.173472883688,22409450.0
99.02,99.56,98.68,98.94,20848131.0,0.0,1.0,97.16366035487,97.693536911037,96.830034375062,97.085160124327,20848131.0
98.5,99.99,98.46,99.65,26601354.0,0.0,1.0,96.653408856339,98.115475650207,96.614158741068,97.781849670398,26601354.0
98.53,99.3457,98.48,98.83,31712936.0,0.0,1.0,96.682846442793,97.483254418469,96.633783798704,96.97722230733,31712936.0
98.69,99.12,97.1,97.34,38020494.0,0.0,1.0,96.83984690388,97.261785643049,95.279654821833,95.515155513463,38020494.0
97.32,98.475,96.75,97.46,31931944.0,0.0,1.0,95.495530455827,96.628877534295,94.936216313207,95.632905859278,31931944.0
97.82,98.41,97.03,97.14,29445227.0,0.0,1.0,95.986156896722,96.565096096978,95.210967120108,95.318904937105,29445227.0
96.45,97.75,96.07,97.55,31326815.0,0.0,1.0,94.641840448669,95.917469194997,94.268964353589,95.721218618639,31326815.0
96.62,96.65,95.3,95.33,61008219.0,0.0,1.0,94.808653438574,94.838091025027,93.513399634611,93.542837221064,61008219.0
96.0,96.57,95.03,95.1,34411901.0,0.0,1.0,94.200276651864,94.759590794484,93.248461356527,93.317149058253,34411901.0
94.94,96.35,94.676,95.91,35546358.0,0.0,1.0,93.160148597166,94.54371516049,92.901097836374,94.111963892503,35546358.0
96.25,96.89,95.35,95.55,29219122.0,0.0,1.0,94.445589872311,95.073591716657,93.5624622787,93.758712855058,29219122.0
95.94,96.29,95.25,96.1,32240187.0,0.0,1.0,94.141401478956,94.484839987583,93.464336990521,94.298401940043,32240187.0
92.91,94.655,92.65,93.4,75311356.0,0.0,1.0,91.168205247132,92.880491525856,90.913079497867,91.649019159209,75311356.0
93.0,93.05,91.5,92.04,46622188.0,0.0,1.0,91.256518006493,91.305580650583,89.784638683808,90.314515239974,46622188.0
92.9,93.66,92.14,93.59,40444914.0,0.0,1.0,91.158392718314,91.904144908475,90.412640528153,91.835457206749,40444914.0
93.97,94.55,93.63,94.4,36531006.0,0.0,1.0,92.20833330183,92.777459973268,91.874707322021,92.630272040999,36531006.0
94.44,95.77,94.3,95.6,35836356.0,0.0,1.0,92.669522156271,93.974588489052,92.53214675282,93.807775499148,35836356.0
95.49,96.465,95.33,95.89,26026540.0,0.0,1.0,93.699837682151,94.656559241896,93.542837221064,94.092338834867,26026540.0
95.39,95.4,94.46,94.99,27705210.0,0.0,1.0,93.601712393972,93.61152492279,92.689147213907,93.209211241256,27705210.0
94.6,95.66,94.37,95.53,30949090.0,0.0,1.0,92.826522617357,93.866650672055,92.600834454546,93.739087797422,30949090.0
95.7,96.5,95.62,95.94,25139558.0,0.0,1.0,93.905900787327,94.690903092759,93.827400556784,94.141401478956,25139558.0
96.49,96.89,96.05,96.68,28912103.0,0.0,1.0,94.681090563941,95.073591716657,94.249339295953,94.867528611481,28912103.0
96.75,97.65,96.73,96.98,23794945.0,0.0,1.0,94.936216313207,95.819343906818,94.916591255571,95.161904476018,23794945.0
97.17,97.7,97.12,97.42,24167463.0,0.0,1.0,95.348342523558,95.868406550907,95.299279879469,95.593655744006,24167463.0
97.41,97.67,96.84,96.87,25892171.0,0.0,1.0,95.583843215188,95.838968964454,95.024529072568,95.053966659021,25892171.0
97.39,98.99,97.32,98.79,38918997.0,0.0,1.0,95.564218157552,97.134222768417,95.495530455827,96.937972192059,38918997.0
98.92,99.3,98.5,98.78,30136990.0,0.0,1.0,97.065535066691,97.438411161772,96.653408856339,96.928159663241,30136990.0
98.7,100.13,98.6,99.83,36493867.0,0.0,1.0,96.849659432698,98.252851053658,96.751534144518,97.95847518912,36493867.0
99.56,100.0,99.34,99.87,23779924.0,0.0,1.0,97.693536911037,98.125288179025,97.477661277043,97.997725304392,23779924.0
100.0,100.46,99.735,99.96,26275968.0,0.0,1.0,98.125288179025,98.576664504648,97.86525616535,98.086038063753,26275968.0
99.83,101.0,99.13,99.43,32702028.0,0.0,1.0,97.95847518912,99.106541060815,97.271598171867,97.565974036404,32702028.0
99.26,99.3,98.31,98.66,28313669.0,0.0,1.0,97.3991610465,97.438411161772,96.466970808799,96.810409317426,28313669.0
98.25,98.84,96.92,97.34,40382921.0,0.0,1.0,96.408095635892,96.987034836148,95.103029303111,95.515155513463,40382921.0
96.82,97.97,96.42,96.67,56239822.0,0.0,1.0,95.004904014932,96.133344828991,94.612402862216,94.857716082663,56239822.0
104.265,104.35,102.75,102.95,92344820.0,0.0,1.0,102.31033171986,102.39373821481,100.82373360395,101.01998418031,92344820.0
102.83,104.45,102.82,104.34,39869839.0,0.0,1.0,100.90223383449,102.49186350299,100.89242130567,102.38392568599,39869839.0
104.19,104.55,103.68,104.21,27733688.0,0.0,1.0,102.23673775373,102.58998879117,101.73629878401,102.25636281136,27733688.0
104.41,106.15,104.41,106.05,38167871.0,0.0,1.0,102.45261338772,104.15999340203,102.45261338772,104.06186811386,38167871.0
106.05,106.07,104.0,104.48,33816556.0,0.0,1.0,104.06186811386,104.08149317149,102.05029970619,102.52130108945,33816556.0
104.81,105.84,104.77,105.79,30202641.0,0.0,1.0,102.84511454044,103.85580500868,102.80586442516,103.80674236459,30202641.0
105.58,106.0,105.28,105.87,27408650.0,0.57,1.0,104.158461324,104.57280640599,103.86250055115,104.44455673775,27408650.0
106.27,107.65,106.18,107.48,40553402.0,0.0,1.0,104.83917110155,106.20059065665,104.7503828697,106.03287955203,40553402.0
107.52,108.37,107.16,108.37,28037220.0,0.0,1.0,106.07234098841,106.91089651148,105.717188061,106.91089651148,28037220.0
108.23,108.94,108.01,108.81,26315204.0,0.0,1.0,106.77278148415,107.47322197989,106.55574358406,107.34497231166,26315204.0
108.71,108.9,107.76,108.0,24008505.0,0.0,1.0,107.24631872071,107.43376054351,106.30910960669,106.54587822497,24008505.0
108.52,108.93,107.85,107.93,27484506.0,0.0,1.0,107.0588768979,107.46335662079,106.39789783855,106.4768207113,27484506.0
107.78,108.44,107.78,108.18,18660434.0,0.0,1.0,106.32884032488,106.97995402514,106.32884032488,106.72345468868,18660434.0
108.14,109.54,108.08,109.48,25868209.0,0.0,1.0,106.6839932523,108.06514352558,106.62480109773,108.00595137101,25868209.0
109.63,110.23,109.21,109.38,33794448.0,0.0,1.0,108.15393175744,108.74585330313,107.73958667545,107.90729778007,33794448.0
109.1,109.37,108.34,109.22,25355976.0,0.0,1.0,107.63106772541,107.89743242097,106.8813004342,107.74945203455,25355976.0
109.23,109.6,109.02,109.08,21984703.0,0.0,1.0,107.75931739364,108.12433568015,107.55214485265,107.61133700722,21984703.0
108.77,109.69,108.36,109.36,25368072.0,0.0,1.0,107.30551087528,108.21312391201,106.90103115239,107.88756706188,25368072.0
108.86,109.1,107.85,108.51,25820230.0,0.0,1.0,107.39429910713,107.63106772541,106.39789783855,107.04901153881,25820230.0
108.59,109.32,108.53,108.85,21257669.0,0.0,1.0,107.12793441157,107.8481056255,107.068742257,107.38443374804,21257669.0
108.565,108.75,107.68,108.03,23675081.0,0.0,1.0,107.10327101383,107.28578015709,106.23018673393,106.57547430225,23675081.0
107.39,107.88,106.68,107.57,25086248.0,0.0,1.0,105.94409132018,106.42749391583,105.24365082444,106.12166778389,25086248.0
107.41,107.95,106.31,106.94,27766291.0,0.0,1.0,105.96382203837,106.49655142949,104.87863253793,105.50015016091,27766291.0
106.62,107.44,106.29,106.82,24970300.0,0.0,1.0,105.18445866987,105.99341811565,104.85890181974,105.38176585177,24970300.0
105.8,106.5,105.5,106.0,24863945.0,0.0,1.0,104.37549922409,105.06607436073,104.07953845124,104.57280640599,24863945.0
105.66,106.5699,105.64,106.1,29662406.0,0.0,1.0,104.23738419676,105.13503322081,104.21765347857,104.67145999694,29662406.0
106.14,106.8,105.62,106.73,26701523.0,0.0,1.0,104.71092143332,105.36203513358,104.19792276038,105.29297761992,26701523.0
107.7,108.0,106.82,107.73,26802450.0,0.0,1.0,106.24991745212,106.54587822497,105.38176585177,106.27951352941,26802450.0
107.9,108.3,107.51,107.7,26880391.0,0.0,1.0,106.44722463402,106.84183899782,106.06247562932,106.24991745212,26880391.0
107.83,108.76,107.07,108.36,42364328.0,0.0,1.0,106.37816712036,107.29564551618,105.62839982914,106.90103115239,42364328.0
107.25,107.27,105.24,105.52,53002026.0,0.0,1.0,105.80597629285,105.82570701104,103.82303911478,104.09926916943,53002026.0
104.64,105.72,103.13,103.13,46556984.0,0.0,1.0,103.23111756908,104.29657635133,101.74144834575,101.74144834575,46556984.0
102.65,105.72,102.53,105.44,45292770.0,0.0,1.0,101.26791110919,104.29657635133,101.14952680006,104.02034629667,45292770.0
107.51,108.79,107.24,107.95,62176190.0,0.0,1.0,106.06247562932,107.32524159347,105.79611093376,106.49655142949,62176190.0
108.73,113.03,108.6,111.77,112340318.0,0.0,1.0,107.2660494389,111.50815384971,107.13779977066,110.26511860375,112340318.0
113.86,115.73,113.49,115.57,90613177.0,0.0,1.0,112.32697865458,114.17180080533,111.96196036807,114.01395505981,90613177.0
115.12,116.13,114.04,114.92,79886911.0,0.0,1.0,113.57001390054,114.56641516913,112.50455511829,113.37270671864,79886911.0
115.19,116.18,113.25,113.58,47023046.0,0.0,1.0,113.63907141421,114.6157419646,111.72519174979,112.05074859993,47023046.0
113.05,114.12,112.51,113.57,34514269.0,0.0,1.0,111.5278845679,112.58347799105,110.99515517677,112.04088324083,34514269.0
113.85,113.989,112.441,113.55,36003185.0,0.0,1.0,112.31711329549,112.45424178691,110.92708419902,112.02115252264,36003185.0
114.35,114.94,114.0,114.62,31073984.0,0.0,1.0,112.81038125023,113.39243743683,112.46509368191,113.0767459458,31073984.0
114.42,114.79,111.55,112.71,52481151.0,0.0,1.0,112.8794387639,113.24445705041,110.04808070366,111.19246235867,52481151.0
111.64,113.39,111.55,112.88,29869442.0,0.0,1.0,110.13686893551,111.86330677712,110.04808070366,111.36017346328,29869442.0
113.0,113.18,112.34,113.09,24607412.0,0.0,1.0,111.47855777242,111.65613423613,110.82744407216,111.56734600428,24607412.0
113.69,114.64,113.43,113.95,29641085.0,0.0,1.0,112.15926754997,113.09647666399,111.9027682135,112.41576688644,29641085.0
113.16,113.8,111.8,112.18,35886990.0,0.0,1.0,111.63640351794,112.26778650001,110.29471468103,110.66959832664,35886990.0
112.46,113.37,111.8,113.05,36379106.0,0.0,1.0,110.9458283813,111.84357605893,110.29471468103,111.5278845679,36379106.0
112.71,113.05,112.28,112.52,21701760.0,0.0,1.0,111.19246235867,111.5278845679,110.76825191759,111.00502053587,21701760.0
113.06,114.31,112.63,113.0,29736835.0,0.0,1.0,111.53774992699,112.77091981385,111.11353948591,111.47855777242,29736835.0
113.4,113.66,112.69,113.05,21453089.0,0.0,1.0,111.87317213622,112.12967147268,111.17273164048,111.5278845679,21453089.0
113.7,114.34,113.13,113.89,28779313.0,0.0,1.0,112.16913290906,112.80051589114,111.60680744065,112.35657473187,28779313.0
114.31,114.56,113.51,114.06,24358443.0,0.0,1.0,112.77091981385,113.01755379123,111.98169108626,112.52428583648,24358443.0
115.02,116.75,114.72,116.05,36235956.0,0.0,1.0,113.47136030959,115.17806743301,113.17539953674,114.48749229637,36235956.0
117.7,118.69,116.2,116.3,64041043.0,0.0,1.0,116.11527654703,117.09194709742,114.63547268279,114.73412627374,64041043.0
117.35,117.98,116.75,117.34,37586787.0,0.0,1.0,115.7699889787,116.39150660168,115.17806743301,115.76012361961,37586787.0
116.79,117.44,115.72,116.98,35192406.0,0.0,1.0,115.21752886939,115.85877721056,114.16193544623,115.40497069219,35192406.0
117.88,118.17,117.13,117.63,35652191.0,0.0,1.0,116.29285301073,116.57894842449,115.55295107862,116.04621903336,35652191.0
117.33,117.84,116.78,117.55,23624896.0,0.0,1.0,115.75025826051,116.25339157435,115.20766351029,115.9672961606,23624896.0
118.18,118.21,117.45,117.47,24553478.0,0.0,1.0,116.58881378358,116.61840986087,115.86864256965,115.88837328784,24553478.0
117.25,117.76,113.8,117.12,20034594.0,0.0,1.0,115.67133538776,116.1744687016,112.26778650001,115.54308571952,20034594.0
116.86,117.38,116.33,117.06,24125801.0,0.0,1.0,115.28658638305,115.79958505599,114.76372235102,115.48389356495,24125801.0
116.81,116.91,116.28,116.6,23192665.0,0.0,1.0,115.23725958758,115.33591317853,114.71439555555,115.03008704659,23192665.0
117.1,117.74,117.0,117.65,23538673.0,0.0,1.0,115.52335500133,116.15473798341,115.42470141038,116.06594975155,23538673.0
117.95,118.36,117.31,118.25,48128970.0,0.0,1.0,116.3619105244,116.76639024729,115.73052754232,116.65787129725,48128970.0
114.31,115.7,113.31,115.59,66134219.0,0.0,1.0,112.77091981385,114.14220472805,111.78438390436,114.033685778,66134219.0
115.39,115.86,114.1,114.48,34562045.0,0.0,1.0,113.8363785961,114.30005047356,112.56374727286,112.93863091847,34562045.0
113.87,115.21,113.45,113.72,37861662.0,0.0,1.0,112.33684401368,113.65880213239,111.92249893169,112.18886362725,37861662.0
113.65,114.23,113.2,113.54,26419398.0,0.0,1.0,112.11980611359,112.69199694109,111.67586495432,112.01128716355,26419398.0
113.46,113.77,110.53,111.49,43825812.0,0.0,1.0,111.93236429079,112.23819042273,109.04181407598,109.98888854909,43825812.0
111.4,112.35,111.23,111.59,28331709.0,0.0,1.0,109.90010031724,110.83730943125,109.73238921262,110.08754214004,28331709.0
110.98,111.46,109.55,109.83,26932602.0,0.57,1.0,110.0539686604,110.5299634789,108.63590076362,108.91356440775,26932602.0
108.53,110.25,108.11,108.84,30836997.0,0.0,1.0,107.62441177431,109.33005987393,107.20791630813,107.93182509459,30836997.0
110.08,110.51,109.46,110.41,32560000.0,0.0,1.0,109.16147837571,109.58789040062,108.54665173515,109.48872481343,32560000.0
110.31,111.72,109.7,111.06,24254179.0,0.0,1.0,109.38955922624,110.78779400558,108.7846491444,110.13330113015,24254179.0
109.88,111.32,108.05,110.88,59176361.0,0.0,1.0,108.96314720134,110.39113165684,107.14841695581,109.95480307321,59176361.0
111.09,111.09,105.83,107.79,57134541.0,0.0,1.0,110.1630508063,110.1630508063,104.94694092026,106.89058642913,57134541.0
106.92,108.87,106.55,108.43,34143898.0,0.0,1.0,106.0278458206,107.96157477075,105.660933148,107.52524618712,34143898.0
107.32,107.809,104.08,105.71,51175504.0,0.0,1.0,106.42450816935,106.90942789069,103.21154314448,104.82794221563,51175504.0
106.57,107.68,106.1593,107.11,32264510.0,0.0,1.0,105.68076626544,106.78150428322,105.27349319886,106.21626043625,32264510.0
106.7,110.23,106.6,109.99,58840522.0,0.0,1.0,105.80968152879,109.31022675649,105.7105159416,109.07222934725,58840522.0
109.81,110.35,108.83,109.95,27632003.0,0.0,1.0,108.89373129031,109.42922546112,107.92190853587,109.03256311237,27632003.0
109.72,110.54,109.66,110.06,28428917.0,0.0,1.0,108.80448226184,109.61764007678,108.74498290953,109.14164525828,28428917.0
110.12,111.99,110.01,111.73,29264571.0,0.0,1.0,109.20114461059,111.05554109099,109.09206246468,110.7977105643,29264571.0
111.95,112.42,111.4,111.8,25965534.0,0.0,1.0,111.01587485612,111.4819531159,110.47046412659,110.86712647533,25965534.0
111.36,111.51,110.33,111.23,27426394.0,0.0,1.0,110.43079789171,110.57954627249,109.40939234368,110.30188262837,27426394.0
111.13,111.87,110.95,111.79,11475922.0,0.0,1.0,110.20271704118,110.93654238637,110.02421898424,110.85720991662,11475922.0
111.43,112.465,111.39,111.57,27193983.0,0.0,1.0,110.50021380274,111.52657763013,110.46054756787,110.6390456248,27193983.0
110.78,112.03,110.07,111.46,28528750.0,0.0,1.0,109.85563748602,111.09520732587,109.151561817,110.5299634789,28528750.0
111.56,112.2,110.27,110.52,36162258.0,0.0,1.0,110.62912906608,111.26378882408,109.34989299137,109.59780695934,36162258.0
110.365,110.94,109.03,109.49,37086862.0,0.0,1.0,109.4441002992,110.01430242552,108.12023971025,108.57640141131,37086862.0
109.17,110.09,108.85,109.9,26527997.0,0.0,1.0,108.25907153231,109.17139493443,107.94174165331,108.98298031878,26527997.0
110.0,110.03,108.25,109.11,34324540.0,0.0,1.0,109.08214590596,109.11189558212,107.34674813019,108.19957218,34324540.0
109.5,110.36,109.19,109.95,26195462.0,0.0,1.0,108.58631797003,109.43914201984,108.27890464975,109.03256311237,26195462.0
109.26,111.19,109.16,111.03,29998719.0,0.0,1.0,108.34832056078,110.26221639349,108.24915497359,110.10355145399,29998719.0
110.86,112.43,110.6,112.12,27068316.0,0.0,1.0,109.93496995577,111.49186967461,109.67713942909,111.18445635433,27068316.0
112.31,114.7,112.31,113.95,34402627.0,0.0,1.0,111.37287096999,113.74292850376,111.37287096999,112.99918659986,34402627.0
113.29,115.0,112.49,113.3,26374377.0,0.0,1.0,112.34469372442,114.04042526533,111.55136902693,112.35461028314,26374377.0
113.84,115.92,113.75,115.19,43733811.0,0.0,1.0,112.89010445395,114.95274866745,112.80085542549,114.22883988098,43733811.0
115.04,116.2,114.98,115.19,34031834.0,0.0,1.0,114.0800915002,115.23041231157,114.02059214789,114.22883988098,34031834.0
115.38,116.73,115.23,115.82,46524544.0,0.0,1.0,114.41725449664,115.75598992367,114.26850611586,114.85358308026,46524544.0
116.47,116.5,115.645,115.97,44351134.0,0.0,1.0,115.49815939698,115.52790907313,114.68004330268,115.00233146104,44351134.0
115.8,117.38,115.75,116.64,27779423.0,0.0,1.0,114.83374996282,116.40056624038,114.78416716923,115.6667408952,27779423.0
116.74,117.5,116.68,116.95,21424965.0,0.0,1.0,115.76590648238,116.51956494501,115.70640713007,115.97415421548,21424965.0
116.8,117.4,116.78,117.06,23783165.0,0.0,1.0,115.8254058347,116.42039935782,115.80557271726,116.08323636138,23783165.0
116.35,116.51,115.64,116.29,26085854.0,0.0,1.0,115.37916069235,115.53782563185,114.67508502332,115.31966134004,26085854.0
115.59,116.52,115.59,116.52,14249484.0,0.0,1.0,114.62550222973,115.54774219057,114.62550222973,115.54774219057,14249484.0
116.52,117.8,116.49,117.26,18296855.0,0.0,1.0,115.54774219057,116.81706170657,115.51799251442,116.28156753576,18296855.0
117.52,118.0166,116.2,116.76,20905892.0,0.0,1.0,116.53939806244,117.03185436842,115.23041231157,115.78573959982,20905892.0
116.45,117.1095,116.4,116.73,15039519.0,0.0,1.0,115.47832627954,116.13232332704,115.42874348595,115.75598992367,15039519.0
116.65,117.2,115.43,115.82,30586265.0,0.0,1.0,115.67665745392,116.22206818345,114.46683729023,114.85358308026,30586265.0
115.8,116.33,114.76,116.15,28781865.0,0.0,1.0,114.83374996282,115.35932757492,113.80242785608,115.18082951798,28781865.0
115.85,116.51,115.75,116.02,21118116.0,0.0,1.0,114.88333275642,115.53782563185,114.78416716923,115.05191425464,21118116.0
115.92,116.8642,115.81,116.61,22193587.0,0.0,1.0,114.95274866745,115.88907014167,114.84366652154,115.63699121904,22193587.0
116.78,118.16,116.47,117.91,31751900.0,0.0,1.0,115.80557271726,117.17405782044,115.49815939698,116.92614385247,31751900.0
117.95,119.43,117.94,118.99,33561948.0,0.0,1.0,116.96581008735,118.43346077772,116.95589352863,117.9971321941,33561948.0
118.77,119.38,118.3,119.11,24462051.0,0.0,1.0,117.77896790229,118.38387798413,117.3128896425,118.11613089872,24462051.0
118.74,119.93,118.6,119.75,27588593.0,0.0,1.0,117.74921822613,118.92928871366,117.61038640407,118.75079065672,27588593.0
118.895,119.3,118.21,119.25,27086220.0,0.0,1.0,117.90292488627,118.30454551438,117.22364061404,118.25496272078,27086220.0
119.11,119.62,118.81,119.04,26111948.0,0.0,1.0,118.11613089872,118.62187539338,117.81863413716,118.04671498769,26111948.0
118.34,120.24,118.22,120.0,34439843.0,0.0,1.0,117.35255587738,119.23670203394,117.23355717276,118.99870462469,34439843.0
120.0,120.5,119.71,119.99,23712961.0,0.0,1.0,118.99870462469,119.49453256062,118.71112442185,118.98878806597,23712961.0
119.4,120.09,119.37,119.78,25597291.0,0.0,1.0,118.40371110156,119.08795365316,118.37396142541,118.78054033288,25597291.0
120.45,120.45,119.7346,120.0,32597892.0,0.0,1.0,119.44494976703,119.44494976703,118.73551915629,118.99870462469,32597892.0
120.0,120.81,119.77,120.08,22050218.0,0.0,1.0,118.99870462469,119.8019458809,118.77062377416,119.07803709444,22050218.0
119.55,120.1,119.5,119.97,23211038.0,0.0,1.0,118.55245948235,119.09787021188,118.50287668875,118.96895494853,23211038.0
120.42,122.1,120.28,121.88,32586673.0,0.0,1.0,119.41520009087,121.08118195562,119.27636826881,120.86301766381,32586673.0
121.67,122.44,121.6,121.94,26337576.0,0.0,1.0,120.65476993071,121.41834495206,120.58535401968,120.92251701612,26337576.0
122.14,122.35,121.6,121.95,20562944.0,0.0,1.0,121.12084819049,121.32909592359,120.58535401968,120.93243357484,20562944.0
120.93,121.63,120.66,121.63,30377503.0,0.0,1.0,119.92094458553,120.61510369584,119.65319750012,120.61510369584,30377503.0
121.15,121.39,120.62,121.35,49200993.0,0.0,1.0,120.13910887734,120.37710628659,119.61353126525,120.33744005172,49200993.0
127.03,130.49,127.01,128.75,111985040.0,0.0,1.0,125.97004540395,129.40117472063,125.95021228651,127.67569350357,111985040.0
127.975,129.39,127.78,128.53,33710411.0,0.0,1.0,126.90716020287,128.31035326157,126.71378730786,127.45752921176,33710411.0
128.31,129.19,128.16,129.08,24507301.0,0.0,1.0,127.23936491995,128.1120220872,127.09061653917,128.00293994129,24507301.0
129.13,130.5,128.9,130.29,26845924.0,0.0,1.0,128.05252273488,129.41109127935,127.82444188435,129.20284354626,26845924.0
130.54,132.09,130.45,131.53,38183841.0,0.0,1.0,129.45075751422,130.98782411563,129.36150848575,130.43249682738,38183841.0
131.35,132.22,131.22,132.04,23004072.0,0.0,1.0,130.25399877044,131.11673937897,130.1250835071,130.93824132203,23004072.0
131.65,132.445,131.12,132.42,28349859.0,0.57,1.0,131.11345258119,131.90521251132,130.58561262777,131.88031440031,28349859.0
132.46,132.94,132.05,132.12,20065458.0,0.0,1.0,131.92015137793,132.39819510933,131.51182235736,131.58153706818,20065458.0
133.08,133.82,132.75,133.29,23035421.0,0.0,1.0,132.53762453099,133.2746086169,132.20896946565,132.74676866348,23035421.0
133.47,135.09,133.25,135.02,33226223.0,0.0,1.0,132.92603506275,134.53943265623,132.70693168586,134.4697179454,33226223.0
135.52,136.27,134.62,135.51,35623100.0,0.0,1.0,134.96768016561,135.71462349592,134.07134816923,134.95772092121,35623100.0
135.67,135.9,134.8398,135.345,22584555.0,0.0,1.0,135.11706883167,135.34613145297,134.29025236124,134.79339338854,22584555.0
135.1,135.83,135.1,135.72,22198197.0,0.0,1.0,134.54939190063,135.27641674214,134.54939190063,135.16686505369,22198197.0
136.23,136.75,135.98,136.7,24507156.0,0.0,1.0,135.67478651831,136.19266722733,135.4258054082,136.1428710053,24507156.0
136.43,137.12,136.11,137.11,20836932.0,0.0,1.0,135.87397140639,136.56115927028,135.55527558546,136.55120002588,20836932.0
137.38,137.48,136.3,136.53,20788186.0,0.0,1.0,136.82009962479,136.91969206883,135.74450122914,135.97356385043,20788186.0
135.91,136.66,135.28,136.66,21776585.0,0.0,1.0,135.35609069737,136.10303402769,134.72865829991,136.10303402769,21776585.0
137.14,137.435,136.28,136.93,20257426.0,0.0,1.0,136.58107775909,136.87487546901,135.72458274033,136.3719336266,20257426.0
137.08,137.435,136.7,136.99,23482860.0,0.0,1.0,136.52132229266,136.87487546901,136.1428710053,136.43168909303,23482860.0
137.89,140.15,137.595,139.79,36414585.0,0.0,1.0,137.3280210894,139.57881032475,137.03422337948,139.2202775262,36414585.0
140.0,140.2786,138.76,138.96,26210984.0,0.0,1.0,139.42942165869,139.70688620779,138.19447535257,138.39366024065,26210984.0
138.78,139.83,138.59,139.78,21571121.0,0.0,1.0,138.21439384138,139.26011450382,138.0251681977,139.2103182818,21571121.0
139.365,139.77,138.5959,139.34,21750044.0,0.0,1.0,138.79700963902,139.20035903739,138.0310441519,138.77211152801,21750044.0
139.06,139.98,138.79,139.52,17446297.0,0.0,1.0,138.49325268469,139.40950316988,138.22435308578,138.95137792729,17446297.0
138.95,139.8,138.82,139.0,18707236.0,0.0,1.0,138.38370099625,139.2302367706,138.25423081899,138.43349721827,18707236.0
138.74,138.79,137.05,138.68,22155904.0,0.0,1.0,138.17455686376,138.22435308578,136.49144455945,138.11480139733,22155904.0
139.25,139.3571,138.64,139.14,19612801.0,0.0,1.0,138.68247832837,138.78914183594,138.07496441972,138.57292663993,19612801.0
138.85,139.43,138.82,139.2,17421717.0,0.0,1.0,138.28410855221,138.86174472765,138.25423081899,138.63268210635,17421717.0
139.3,139.65,138.84,138.99,15309065.0,0.0,1.0,138.73227455039,139.08084810454,138.2741493078,138.42353797386,15309065.0
139.41,140.7501,139.025,140.46,25691774.0,0.0,1.0,138.84182623884,140.17646458145,138.45839532928,139.88754690128,25691774.0
140.72,141.02,140.26,140.69,19231998.0,0.0,1.0,140.14648725579,140.44526458792,139.6883620132,140.11660952258,19231998.0
141.0,141.0,139.89,139.99,43884952.0,0.0,1.0,140.42534609911,140.42534609911,139.31986997024,139.41946241428,43884952.0
140.4,141.5,140.23,141.46,21542038.0,0.0,1.0,139.82779143486,140.92330831932,139.65848427998,140.8834713417,21542038.0
142.11,142.8,139.73,139.84,39529912.0,0.0,1.0,141.53082222797,142.21801009186,139.16052205977,139.27007374822,39529912.0
139.845,141.6,139.76,141.42,25860165.0,0.0,1.0,139.27505337042,141.02290076336,139.19039979299,140.84363436408,25860165.0
141.26,141.5844,140.61,140.92,20346301.0,0.0,1.0,140.68428645362,141.00736434209,140.03693556734,140.34567214387,20346301.0
141.5,141.74,140.35,140.64,22395563.0,0.0,1.0,140.92330831932,141.16233018502,139.77799521283,140.06681330056,22395563.0
139.39,141.22,138.62,140.88,23575094.0,0.0,1.0,138.82190775003,140.644449476,138.05504593091,140.30583516626,23575094.0
140.91,144.04,140.62,143.8,33374805.0,0.0,1.0,140.33571289947,143.45295639798,140.04689481175,143.21393453228,33374805.0
143.68,144.49,143.19,144.12,29189955.0,0.0,1.0,143.09442359943,143.90112239617,142.60642062363,143.53263035322,29189955.0
144.19,144.5,143.5,143.93,21207252.0,0.0,1.0,143.60234506404,143.91108164057,142.91515720016,143.34340470954,21207252.0
143.72,144.27,143.01,143.66,19661651.0,0.0,1.0,143.13426057705,143.68201901928,142.42715422435,143.07450511062,19661651.0
143.71,144.12,143.05,143.7,19985714.0,0.0,1.0,143.12430133264,143.53263035322,142.46699120197,143.11434208824,19985714.0
143.25,144.89,143.17,144.77,19891354.0,0.0,1.0,142.66617609005,144.29949217234,142.58650213482,144.17998123949,19891354.0
144.22,145.46,143.81,144.02,27717854.0,0.0,1.0,143.63222279726,144.86716910338,143.22389377669,143.43303790917,27717854.0
144.29,144.52,143.45,143.66,21149034.0,0.0,1.0,143.70193750809,143.93100012938,142.86536097813,143.07450511062,21149034.0
143.73,144.18,143.27,143.34,16658543.0,0.0,1.0,143.14421982145,143.59238581964,142.68609457886,142.75580928969,16658543.0
143.6,143.8792,142.9,143.17,18933397.0,0.0,1.0,143.0147496442,143.29281174796,142.3176025359,142.58650213482,18933397.0
142.94,143.35,140.06,141.63,30379376.0,0.0,1.0,142.35743951352,142.76576853409,139.48917712511,141.05277849657,30379376.0
141.6,142.15,141.01,141.8,20350000.0,0.0,1.0,141.02290076336,141.57065920559,140.43530534351,141.22208565144,20350000.0
141.91,142.38,141.05,141.05,17822880.0,0.0,1.0,141.33163733989,141.79972182689,140.47514232113,140.47514232113,17822880.0
141.48,141.88,140.87,141.83,16582094.0,0.0,1.0,140.90338983051,141.30175960668,140.29587592185,141.25196338466,16582094.0
141.41,142.04,141.11,141.2,14697544.0,0.0,1.0,140.83367511968,141.46110751714,140.53489778755,140.62453098719,14697544.0
141.88,142.0,140.45,140.68,17328375.0,0.0,1.0,141.30175960668,141.42127053953,139.87758765688,140.10665027817,17328375.0
141.22,142.92,141.16,142.44,23319562.0,0.0,1.0,140.644449476,142.33752102471,140.58469400957,141.85947729331,23319562.0
142.44,142.68,141.85,142.27,17320928.0,0.0,1.0,141.85947729331,142.09849915901,141.27188187346,141.69017013844,17320928.0
143.5,143.95,143.18,143.64,17116599.0,0.0,1.0,142.91515720016,143.36332319834,142.59646137922,143.05458662181,17116599.0
143.91,144.9,143.87,144.54,18216472.0,0.0,1.0,143.32348622073,144.30945141674,143.28364924311,143.95091861819,18216472.0
144.47,144.6,143.3762,143.6508,19614287.0,0.0,1.0,143.88120390736,144.01067408462,142.79186175443,143.06534260577,19614287.0
143.9225,144.16,143.31,143.79,13948980.0,0.0,1.0,143.33593527623,143.57246733083,142.72593155648,143.20397528788,13948980.0
144.09,144.3,143.27,143.65,20247187.0,0.0,1.0,143.50275262,143.71189675249,142.68609457886,143.06454586622,20247187.0
145.1,147.2,144.96,146.6,32818760.0,0.0,1.0,144.50863630483,146.60007762971,144.36920688317,146.00252296545,32818760.0
147.54,148.09,146.84,147.51,39752670.0,0.0,1.0,146.93869193945,147.48645038168,146.24154483116,146.90881420624,39752670.0
145.59,147.49,144.27,147.06,45142806.0,0.0,1.0,144.99663928063,146.88889571743,143.68201901928,146.46064820805,45142806.0
146.52,147.14,145.81,146.53,23275690.0,0.0,1.0,145.92284901022,146.54032216328,145.21574265752,145.93280825463,23275690.0
146.76,148.98,146.76,148.96,26787359.0,0.0,1.0,146.16187087592,148.37282313365,146.16187087592,148.35290464484,26787359.0
149.03,153.7,149.03,153.0,48339210.0,0.0,1.0,148.42261935567,153.07358649243,148.42261935567,152.37643938414,48339210.0
153.87,154.88,153.45,153.96,35942435.0,0.0,1.0,153.2428936473,154.24877733213,152.82460538233,153.33252684694,35942435.0
153.63,153.94,152.11,153.26,25670456.0,0.0,1.0,153.0038717816,153.31260835813,151.49006663216,152.63537973865,25670456.0
152.45,154.07,152.31,153.95,25596687.0,0.63,1.0,152.45,154.07,152.31,153.95,25596687.0
154.7,156.42,154.67,156.1,32221756.0,0.0,1.0,154.7,156.42,154.67,156.1,32221756.0
156.01,156.65,155.05,155.7,25700983.0,0.0,1.0,156.01,156.65,155.05,155.7,25700983.0
155.94,156.06,154.72,155.47,19904679.0,0.0,1.0,155.94,156.06,154.72,155.47,19904679.0
153.6,154.57,149.71,150.25,49482818.0,0.0,1.0,153.6,154.57,149.71,150.25,49482818.0
151.27,153.34,151.13,152.54,33159664.0,0.0,1.0,151.27,153.34,151.13,152.54,33159664.0
153.38,153.98,152.63,152.96,26733798.0,0.0,1.0,153.38,153.98,152.63,152.96,26733798.0
154.0,154.58,152.91,153.99,22340069.0,0.0,1.0,154.0,154.58,152.91,153.99,22340069.0
154.9,154.9,153.31,153.8,19430358.0,0.0,1.0,154.9,154.9,153.31,153.8,19430358.0
153.84,154.17,152.67,153.34,19118319.0,0.0,1.0,153.84,154.17,152.67,153.34,19118319.0
153.73,154.35,153.03,153.87,19044463.0,0.0,1.0,153.73,154.35,153.03,153.87,19044463.0
154.0,154.24,153.31,153.61,21632202.0,0.0,1.0,154.0,154.24,153.31,153.61,21632202.0
153.42,154.43,153.33,153.67,20034934.0,0.0,1.0,153.42,154.43,153.33,153.67,20034934.0
153.97,154.17,152.38,152.76,23162873.0,0.0,1.0,153.97,154.17,152.38,152.76,23162873.0
153.17,153.33,152.22,153.18,16180143.0,0.0,1.0,153.17,153.33,152.22,153.18,16180143.0
153.58,155.45,152.89,155.45,27285861.0,0.0,1.0,153.58,155.45,152.89,155.45,27285861.0
154.34,154.45,153.46,153.93,24803858.0,0.0,1.0,154.34,154.45,153.46,153.93,24803858.0
153.9,155.81,153.78,154.45,26249630.0,0.0,1.0,153.9,155.81,153.78,154.45,26249630.0
155.02,155.98,154.48,155.37,20678772.0,0.0,1.0,155.02,155.98,154.48,155.37,20678772.0
155.25,155.54,154.4,154.99,20771367.0,0.0,1.0,155.25,155.54,154.4,154.99,20771367.0
155.19,155.19,146.02,148.98,64176149.0,0.0,1.0,155.19,155.19,146.02,148.98,64176149.0
145.74,146.09,142.51,145.32,71563614.0,0.0,1.0,145.74,146.09,142.51,145.32,71563614.0
147.16,147.45,145.15,146.59,33749154.0,0.0,1.0,147.16,147.45,145.15,146.59,33749154.0
147.5,147.5,143.84,145.16,31224203.0,0.0,1.0,147.5,147.5,143.84,145.16,31224203.0
143.32,144.4798,142.21,144.29,31348832.0,0.0,1.0,143.32,144.4798,142.21,144.29,31348832.0
143.78,144.5,142.2,142.27,49180748.0,0.0,1.0,143.78,144.5,142.2,142.27,49180748.0
143.66,146.74,143.66,146.34,31449132.0,0.0,1.0,143.66,146.74,143.66,146.34,31449132.0
146.87,146.87,144.94,145.01,24572170.0,0.0,1.0,146.87,146.87,144.94,145.01,24572170.0
145.52,146.0693,144.61,145.87,21064679.0,0.0,1.0,145.52,146.0693,144.61,145.87,21064679.0
145.77,146.7,145.1199,145.63,18673365.0,0.0,1.0,145.77,146.7,145.1199,145.63,18673365.0
145.13,147.16,145.11,146.35,25997976.0,0.0,1.0,145.13,147.16,145.11,146.35,25997976.0
147.17,148.28,145.38,145.82,25524661.0,0.0,1.0,147.17,148.28,145.38,145.82,25524661.0
145.01,146.16,143.62,143.74,24423643.0,0.0,1.0,145.01,146.16,143.62,143.74,24423643.0
144.49,146.11,143.1601,145.83,21915939.0,0.0,1.0,144.49,146.11,143.1601,145.83,21915939.0
144.71,145.13,142.28,143.68,31116980.0,0.0,1.0,144.71,145.13,142.28,143.68,31116980.0
144.45,144.96,143.78,144.02,22328979.0,0.0,1.0,144.45,144.96,143.78,144.02,22328979.0
