"No","Date","col1","col2","col3","col4","col5","col6","col7","col8","col9","col10","col11","sp500"
"1","2014-03-27",39.36,49.1,537.46,558.46,96.24,185200,123.47,60.97,97.28,338.47,25.81,1849.040039
"2","2014-03-28",40.3,49.29,536.86,559.99,97.7,185149,123.53,60.01,97.44,338.29,25.88,1857.619995
"3","2014-03-31",40.99,49.74,536.74,556.97,97.68,187350,124.97,60.24,98.23,336.365,25.89,1872.339966
"4","2014-04-01",41.42,49.77,541.65,567.16,97.73,187213,124.88,62.62,97.94,342.99,25.87,1885.52002
"5","2014-04-02",41.35,49.76,542.55,567,97.95,186759,124.47,62.72,98.23,341.96,26.04,1890.900024
"6","2014-04-03",41.01,49.83,538.79,569.74,97.93,186287,124.31,59.49,98.26,333.62,26.23,1888.77002
"7","2014-04-04",39.87,49.56,531.82,543.14,97.36,185753,123.9,56.749,98.42,323,26.02,1865.089966
"8","2014-04-07",39.8,48.66,523.47,538.15,96.78,184700,123.12,56.95,97.89,317.76,25.85,1845.040039
"9","2014-04-08",39.82,48.83,523.44,554.9,97.45,184640,123.13,58.1901,98.06,327.07,25.75,1851.959961
"10","2014-04-09",40.47,49.1,530.32,564.14,97.33,185897,124.01,62.41,98.95,331.805,25.95,1872.180054
"11","2014-04-10",39.36,47.71,523.48,540.95,96.78,183402,122.27,59.16,96.54,317.11,25.58,1833.079956
"12","2014-04-11",39.209,48.08,519.61,530.6,96.72,182759,121.7,58.53,96.87,311.73,25.43,1815.689941
"13","2014-04-14",39.18,48.11,521.68,532.52,97.86,183212,122.29,58.89,97.14,315.91,25.71,1830.609985
"14","2014-04-15",39.75,48.78,517.9599,536.44,98.68,185640,123.77,59.09,99.2,316.08,25.82,1842.97998
"15","2014-04-16",40.4,49.09,519.01,556.54,99.94,188900,126,59.72,98.75,323.68,26.12,1862.310059
"16","2014-04-17",40.01,48.93,524.94,536.1,100.42,190639,127.18,58.94,98.96,324.91,26.56,1864.849976
"17","2014-04-21",39.94,49.12,531.17,528.62,100.93,189482,126.5,61.24,100,330.87,26.59,1871.890015
"18","2014-04-22",39.99,49.23,531.699,534.81,100.37,190720,127.15,63.0301,100.18,329.32,26.58,1879.550049
"19","2014-04-23",39.69,49.59,524.75,526.94,100.5,190800,127.2,61.36,100.22,324.58,26.42,1875.390015
"20","2014-04-24",39.86,49.32,567.77,525.16,100.01,190500,126.95,60.87,99.96,337.15,26.46,1878.609985
"21","2014-04-25",39.91,49.05,571.94,516.18,100.41,190686,127.26,57.71,99.79,303.83,26.6,1863.400024
"22","2014-04-28",40.87,48.94,594.09,517.15,101.17,191400,127.7,56.14,101.34,296.58,26.78,1869.430054
"23","2014-04-29",40.51,49.47,592.33,527.7,101.45,192545,128.49,58.15,101.03,300.38,26.76,1878.329956
"24","2014-04-30",40.4,49.64,590.09,526.66,102.41,193275,128.85,59.78,101.29,304.13,26.89,1883.949951
"25","2014-05-01",40,49.64,591.48,531.35,101.41,193482,129.06,61.15,100.53,307.89,26.77,1883.680054
"26","2014-05-02",39.69,49.58,592.58,527.93,102.01,192255,128.09,60.46,99.31,308.01,26.68,1881.140015
"27","2014-05-05",39.43,49.56,600.96,527.81,102.91,189790,126.61,61.22,100,310.05,26.58,1884.660034
"28","2014-05-06",39.06,49.09,594.41,515.14,102.67,187375,124.67,58.53,99.51,297.38,26.19,1867.719971
"29","2014-05-07",39.425,49.39,592.33,509.96,103.11,191550,127.45,57.39,100.91,292.71,26.53,1878.209961
"30","2014-05-08",39.64,49.33,587.99,511,102.32,190100,126.67,56.76,100.5,288.32,26.44,1875.630005
"31","2014-05-09",39.54,49.08,585.5425,518.73,101.95,190883,127.34,57.24,100.91,292.24,26.42,1878.47998
"32","2014-05-12",39.97,49.76,592.83,529.92,102.23,191115,127.29,59.83,100.52,302.86,26.85,1896.650024
"33","2014-05-13",40.42,49.81,593.76,533.09,102.36,191826,127.89,59.83,101.02,304.64,26.92,1897.449951
"34","2014-05-14",40.24,49.29,593.87,526.65,102.29,191420,127.53,59.23,100.87,297.62,26.76,1888.530029
"35","2014-05-15",39.6,49.03,588.82,519.98,100.78,189371,126.36,57.919,100.69,295.19,26.6,1870.849976
"36","2014-05-16",39.83,49.08,597.51,520.63,100.74,190210,126.86,58.0199,100.58,297.7,26.67,1877.859985
"37","2014-05-19",39.75,49.49,604.59,528.86,100.87,190400,127.13,59.21,100.64,296.755,26.61,1885.079956
"38","2014-05-20",39.68,48.96,604.71,529.77,100.67,189201,126.06,58.56,100.25,301.19,26.3,1872.829956
"39","2014-05-21",40.35,49.67,606.31,538.94,102.03,189975,126.66,60.49,101.14,305.01,26.49,1888.030029
"40","2014-05-22",40.1,49.99,607.27,545.06,101.5,190535,126.98,60.52,100.96,304.91,26.51,1892.48999
"41","2014-05-23",40.12,50.16,614.13,552.7,101.32,190205,126.8,61.351,100.98,312.24,26.51,1900.530029
"42","2014-05-27",40.19,50.55,625.63,565.95,101.36,191300,127.52,63.48,100.81,310.82,26.57,1911.910034
"43","2014-05-28",40.01,50.44,624.01,561.68,101.06,191356,127.46,63.51,100.3,310.16,26.66,1909.780029
"44","2014-05-29",40.34,50.27,635.38,560.08,101.27,192300,128.11,63.83,100.76,313.78,26.74,1920.030029
"45","2014-05-30",40.94,50.78,633,559.89,100.53,192000,128.34,63.3,101.46,312.55,26.79,1923.569946
"46","2014-06-02",40.79,51.09,628.65,553.93,99.94,191748,127.88,63.08,102.17,308.84,26.83,1924.969971
"47","2014-06-03",40.29,51.09,637.54,544.94,100.39,190417,126.93,62.87,102.46,307.19,26.79,1924.23999
"48","2014-06-04",40.32,51.04,644.82,544.66,100.04,190766,127.23,63.34,102.68,306.78,26.55,1927.880005
"49","2014-06-05",41.21,51.63,647.35,553.9,100.55,192100,128.2,63.186,103.22,323.57,26.77,1940.459961
"50","2014-06-06",41.48,51.98,645.57,556.33,101.6,192895,128.65,62.5,103.18,329.67,27.18,1949.439941
"51","2014-06-09",41.27,52.51,93.7,562.12,101.52,191917,127.99,62.88,103.22,327.5,27.44,1951.27002
"52","2014-06-10",41.11,52.59,94.25,560.55,101.46,192306,128.25,65.77,104.1,332.41,27.41,1950.790039
"53","2014-06-11",40.86,52.24,93.86,558.84,101.95,192357,128.22,65.781,103.32,335.2,27.15,1943.890015
"54","2014-06-12",40.58,51.71,92.29,551.35,101.66,190950,127.28,64.2901,102.53,325.91,26.96,1930.109985
"55","2014-06-13",41.23,51.9,91.28,551.76,102.65,189520,126.54,64.5,102.53,326.27,27.04,1936.160034
"56","2014-06-16",41.5,51.09,92.2,544.28,102.92,189250,126.15,64.19,102.45,327.62,26.82,1937.780029
"57","2014-06-17",41.68,51.66,92.08,543.01,102.42,188990,126.03,64.4,101.93,325.62,26.87,1941.98999
"58","2014-06-18",41.65,52.04,92.18,553.37,102.73,190675,127.17,65.6,102.81,334.38,26.89,1956.97998
"59","2014-06-19",41.51,52.02,91.86,554.9,102.63,190491,127.25,64.3415,103.81,327,26.93,1959.47998
"60","2014-06-20",41.68,52.89,90.91,556.36,103.83,190500,126.74,64.5,105.27,324.2,26.97,1962.869995
"61","2014-06-23",41.99,52.98,90.83,564.95,104.38,189900,126.67,65.37,104.75,327.24,26.68,1962.609985
"62","2014-06-24",41.745,52.49,90.28,564.62,102.73,190171,126.78,65.72,104.59,324.16,26.58,1949.97998
"63","2014-06-25",42.03,52.6,90.36,578.65,102.14,190660,127.13,67.44,105.76,327.44,26.42,1959.530029
"64","2014-06-26",41.72,52.37,90.9,576,102.03,190576,127.1,67.13,105.65,325.69,26.29,1957.219971
"65","2014-06-27",42.25,52.9,91.98,577.24,101.21,190559,127.32,67.6,104.99,324.57,26.43,1960.959961
"66","2014-06-30",41.7,52.56,92.93,575.28,100.68,189900,126.56,67.29,104.62,324.78,26.28,1960.22998
"67","2014-07-01",41.87,52.72,93.52,582.67,101.36,190500,127.24,68.06,105.87,332.39,26.4,1973.319946
"68","2014-07-02",41.9,52.66,93.48,582.335,101.57,191499,127.73,66.45,105.86,332.85,26.61,1974.619995
"69","2014-07-03",41.8,53,94.03,584.73,102.59,193600,129.3,66.29,105.42,337.492,26.86,1985.439941
"70","2014-07-07",41.99,52.5,95.968,582.25,102.65,193000,128.7,65.29,106.47,333.55,26.75,1977.650024
"71","2014-07-08",41.78,52.25,95.35,571.09,102.83,192400,128.22,62.76,105.72,323.81,26.37,1963.709961
"72","2014-07-09",41.67,52.19,95.39,576.08,103.55,193040,128.75,64.97,106.04,329.97,26.32,1972.829956
"73","2014-07-10",41.685,51.81,95.035,571.1,102.57,192500,128.45,64.8725,105.8,327.92,26.2,1964.680054
"74","2014-07-11",42.09,51.49,95.22,579.18,101.74,192900,128.63,66.34,105.1,346.2,26.55,1967.569946
"75","2014-07-14",42.14,51.31,96.45,584.87,102.68,193380,128.98,67.9,105.38,355.32,26.66,1977.099976
"76","2014-07-15",42.45,51.35,95.32,584.78,102.39,192776,128.49,67.165,103.28,354.44,26.61,1973.280029
"77","2014-07-16",44.08,51.17,94.78,582.66,103.77,192072,128.11,67.66,102.22,355.9,27.02,1981.569946
"78","2014-07-17",44.53,50.68,93.0899,573.7299,102.31,189811,126.52,66.4099,100.37,352.454,26.61,1958.119995
"79","2014-07-18",44.69,51.28,94.43,595.08,102.73,192487,128.28,68.4199,101.8,358.66,26.46,1978.219971
"80","2014-07-21",44.835,51.05,93.939,589.47,103.08,193030,128.58,69.4,101.27,359.76,25.98,1973.630005
"81","2014-07-22",44.83,51.35,94.72,594.74,103.54,192640,128.42,69.27,102.47,360.84,26.02,1983.530029
"82","2014-07-23",44.87,51.33,97.19,595.98,104.25,192205,128.13,71.29,102.19,358.14,25.91,1987.01001
"83","2014-07-24",44.4,51.59,97.03,593.35,104.28,192441,128.35,74.98,102.2,358.61,25.94,1987.97998
"84","2014-07-25",44.5,51.6,97.671,589.02,103.18,191224,127.55,75.19,102.11,324.01,25.79,1978.339966
"85","2014-07-28",43.97,51.6,99.02,590.6,103.25,192580,128.37,74.92,102.11,320.41,25.59,1978.910034
"86","2014-07-29",43.885,51.54,98.38,585.61,103.55,191158,127.36,73.71,101.96,320,25.45,1969.949951
"87","2014-07-30",43.5785,52.1,98.15,587.42,103.25,191716,127.74,74.677,102.3,322.51,25.64,1970.069946
"88","2014-07-31",43.16,50.9,95.6,571.6,98.94,188124,125.43,72.65,100.09,312.99,25.15,1930.670044
"89","2014-08-01",42.86,50.35,96.13,566.07,98.8,189279,125.83,72.36,99.9,307.06,25.35,1925.150024
"90","2014-08-04",43.37,50.99,95.59,573.15,100.13,194305,129.72,73.51,100.16,313.65,25.27,1938.98999
"91","2014-08-05",43.08,50.4,95.12,565.07,98.2,192499,127.99,72.69,99.82,312.32,25.02,1920.209961
"92","2014-08-06",42.74,50.06,94.96,566.374,98.98,193700,129.11,72.47,100.71,313.89,25.44,1920.23999
"93","2014-08-07",43.23,49.7,94.48,563.36,98.27,194001,128.95,73.17,99.93,311.45,25.5,1909.569946
"94","2014-08-08",43.2,50,94.74,568.77,99.74,196253,130.9,73.06,101.08,316.8,25.66,1931.589966
"95","2014-08-11",43.2,49.89,95.99,567.88,98.73,198000,131.95,73.44,101.16,318.33,25.79,1936.920044
"96","2014-08-12",43.52,49.78,95.97,562.73,98.49,199562,133.06,72.83,100.63,319.32,25.61,1933.75
"97","2014-08-13",44.08,49.99,97.24,574.78,99.09,199609,133.08,73.77,101.74,326.28,25.83,1946.719971
"98","2014-08-14",44.27,50.38,97.5,574.65,99.09,202850,135.3,74.296,102.02,333.21,25.88,1955.180054
"99","2014-08-15",44.79,50.21,97.98,573.48,99.03,201227,134.34,73.63,101.17,333.63,25.64,1955.060059
"100","2014-08-18",45.11,50.69,99.16,582.16,99.52,202419,135.03,74.59,102.7,334.53,26.07,1971.73999
"101","2014-08-19",45.33,50.86,100.53,586.86,99.49,202600,134.9,75.29,102.96,335.13,26.05,1981.599976
"102","2014-08-20",44.95,50.85,100.57,584.49,99.7,202388,134.91,74.81,103.21,335.78,26.36,1986.51001
"103","2014-08-21",45.22,51.29,100.58,583.37,99.28,205159,136.81,74.57,104.19,332.91,26.43,1992.369995
"104","2014-08-22",45.15,51.18,101.32,582.56,98.5,203532,135.75,74.57,103.1,331.59,26.15,1988.400024
"105","2014-08-25",45.17,51.45,101.54,580.2,98.75,204579,136.23,75.02,103.23,334.02,26.2,1997.920044
"106","2014-08-26",45.005,51.56,100.889,577.86,99.64,204577,136.25,75.9601,103.44,341.83,26.01,2000.02002
"107","2014-08-27",44.87,51.34,102.13,571,99.53,204741,136.52,74.63,103.22,343.18,26.13,2000.119995
"108","2014-08-28",44.88,51.15,102.25,569.2,99.57,204040,136.11,73.855,102.95,340.02,26.01,1996.73999
"109","2014-08-29",45.43,51.44,102.5,571.6,99.46,205880,137.25,74.82,103.73,339.04,25.98,2003.369995
"110","2014-09-02",45.09,51.57,103.3,577.33,98.49,206740,137.96,76.68,103.36,342.38,25.85,2002.280029
"111","2014-09-03",44.96,51.55,98.94,577.94,99.11,206438,137.73,75.83,103.76,339,25.95,2000.719971
"112","2014-09-04",45.26,51.57,98.12,581.98,98.36,206820,137.95,75.95,103.84,345.95,25.96,1997.650024
"113","2014-09-05",45.91,51.65,98.97,586.08,99.26,206700,138.06,77.26,104.42,346.38,26.1,2007.709961
"114","2014-09-08",46.47,51.47,98.36,589.72,97.77,207200,138.28,77.89,104.05,342.34,26.08,2001.540039
"115","2014-09-09",46.76,51.07,97.99,581.01,97.39,205305,136.89,76.67,103.8,329.75,25.9,1988.439941
"116","2014-09-10",46.84,51.52,101,583.1,96.81,206750,137.72,77.43,104.99,331.33,25.95,1995.689941
"117","2014-09-11",47,51.59,101.43,581.35,97.03,206850,137.92,77.92,104.55,330.52,26.02,1997.449951
"118","2014-09-12",46.695,51.7,101.66,575.62,95.78,205635,137.09,77.48,104.58,331.19,25.87,1985.540039
"119","2014-09-15",46.24,51.94,101.63,573.1,96.29,207110,138.04,74.58,104.72,323.89,25.92,1984.130005
"120","2014-09-16",46.76,52.31,100.86,579.95,97.43,207745,138.69,76.08,105.88,327.76,26.21,1998.97998
"121","2014-09-17",46.52,52.51,101.58,584.77,97.08,209000,139.61,76.43,106.19,324,26.27,2001.569946
"122","2014-09-18",46.68,53.24,101.79,589.27,96.61,212075,141.28,77,107.35,325,26.21,2011.359985
"123","2014-09-19",47.52,53.36,100.96,596.08,97.12,212000,140.56,77.91,107.99,331.32,26.29,2010.400024
"124","2014-09-22",47.06,52.9,101.06,587.37,96.54,208900,139.26,76.8,107.88,324.5,26.08,1994.290039
"125","2014-09-23",46.56,52.1,102.64,581.13,96.03,208445,138.78,78.29,107.46,323.63,26.02,1982.77002
"126","2014-09-24",47.08,52.13,101.75,587.99,95.82,209850,139.95,78.535,108.64,328.21,25.93,1998.300049
"127","2014-09-25",46.04,51.41,97.87,575.06,94.25,206000,137.09,77.22,107.1,321.93,25.55,1965.98999
"128","2014-09-26",46.41,51.87,100.75,577.1,95.43,208133,138.68,78.79,107.1,323.21,25.63,1982.849976
"129","2014-09-29",46.44,51.69,100.11,576.36,94.43,207321,138.33,79,106.54,321.82,25.42,1977.800049
"130","2014-09-30",46.36,51.87,100.75,577.36,94.05,206900,138.14,79.04,106.59,322.44,25.62,1972.290039
"131","2014-10-01",45.9,51.26,99.18,568.27,92.86,204855,136.62,76.55,104.3,317.46,25.16,1946.160034
"132","2014-10-02",45.76,51.4,99.9,570.08,93.3,206250,137.64,77.08,103.85,318.41,25.12,1946.170044
"133","2014-10-03",46.09,52.1,99.62,575.28,93.92,208750,139.5,77.44,105.13,322.74,25.4,1967.900024
"134","2014-10-06",46.09,52.03,99.62,577.35,94.52,208585,139.16,77.555,104.86,322.2,25.22,1964.819946
"135","2014-10-07",45.53,51.08,98.75,563.74,93.37,205035,136.72,76.29,102.39,316.98,24.81,1935.099976
"136","2014-10-08",46.78,52.15,100.8,572.5,94.61,209950,139.94,77.52,104.91,322.7,25.25,1968.890015
"137","2014-10-09",45.85,51.12,101.02,560.88,91.82,205850,137.09,75.91,102.08,315.37,24.78,1928.209961
"138","2014-10-10",44.03,50.64,100.73,544.49,91.6,205150,136.76,72.91,101.23,311.39,24.27,1906.130005
"139","2014-10-13",43.65,50.2,99.81,533.21,90.84,204913,136.38,72.99,99.12,306.45,23.95,1874.73999
"140","2014-10-14",43.73,48.83,98.75,537.94,90.55,206025,137.39,73.59,97.01,308.31,24.1,1877.699951
"141","2014-10-15",43.22,47.85,97.54,530.03,90.22,203800,135.64,73.21,98.21,305.97,24.28,1862.48999
"142","2014-10-16",42.74,48.13,96.26,524.51,90.6,202000,134.7,72.63,96.78,302.86,24.25,1862.76001
"143","2014-10-17",43.63,48.69,97.67,511.17,91.21,205505,137.09,75.95,98.7,303.64,24.82,1886.76001
"144","2014-10-20",44.08,49.18,99.76,520.84,91.77,205850,137.23,76.95,99.2,306.21,25.03,1904.01001
"145","2014-10-21",44.88,50.45,102.47,526.54,93.65,208330,138.97,78.69,100.36,315.33,25.45,1941.280029
"146","2014-10-22",44.38,50.17,102.99,532.71,93.13,206525,137.65,78.37,101.22,312.97,25.19,1927.109985
"147","2014-10-23",45.02,50.6,104.83,543.98,94.11,208109,138.68,80.04,102.63,313.18,25.44,1950.819946
"148","2014-10-24",46.13,51.2,105.22,539.78,94.49,209251,139.4,80.67,103.13,287.06,25.64,1964.579956
"149","2014-10-27",45.91,51.31,105.11,540.77,93.71,209222,139.53,80.28,104.07,289.97,25.52,1961.630005
"150","2014-10-28",46.49,51.78,106.74,548.9,95.1,210570,140.46,80.77,104.79,295.59,25.88,1985.050049
"151","2014-10-29",46.62,52.17,107.34,549.33,94.59,209600,139.99,75.86,105.56,294.12,25.66,1982.300049
"152","2014-10-30",46.05,52.46,106.98,550.31,94.45,209030,139.54,74.11,107.04,299.07,25.67,1994.650024
"153","2014-10-31",46.95,53.09,108,559.08,96.71,210000,140.16,74.99,107.78,305.46,25.81,2018.050049
"154","2014-11-03",47.44,53.37,109.4,555.22,95.26,211100,140.81,73.88,107.46,305.72,25.7,2017.810059
"155","2014-11-04",47.57,53.27,108.6,554.11,94.52,213000,142.18,75.76,108.62,302.81,25.7,2012.099976
"156","2014-11-06",48.7,54.06,108.7,542.04,96.26,214800,143.29,75.26,109.01,296.64,26.36,2031.209961
"157","2014-11-07",48.68,53.84,109.01,541.01,96.59,214970,143.61,75.6,108.2,299.86,26.41,2031.920044
"158","2014-11-10",48.89,53.83,108.83,547.49,96.28,217500,145.05,75,108.82,305.11,26.47,2038.26001
"159","2014-11-11",48.87,53.58,109.7,550.29,96.41,217352,144.95,74.61,108.91,312.01,26.38,2039.680054
"160","2014-11-12",48.78,53.54,111.25,547.31,95.38,218101,145.52,74.72,108.75,311.51,26.52,2038.25
"161","2014-11-13",49.61,53.39,112.82,545.38,94.66,219300,146.29,74.25,109.07,316.48,26.42,2039.329956
"162","2014-11-14",49.58,53.35,114.18,544.4,95.09,218023,145.52,74.88,108.16,327.82,26.46,2039.819946
"163","2014-11-17",49.46,53.44,113.99,536.51,95.11,218540,145.37,74.24,108.3,323.05,26.61,2041.319946
"164","2014-11-18",48.74,53.27,115.47,535.03,94.87,218868,145.81,74.34,108.83,324.93,27.01,2051.800049
"165","2014-11-19",48.22,53.36,114.67,536.99,95.61,218544,145.65,73.33,108.76,326.54,26.92,2048.719971
"166","2014-11-20",48.7,53.48,116.31,534.83,95.82,218250,145.72,73.6,108.18,330.54,26.85,2052.75
"167","2014-11-21",47.98,53.81,116.47,537.5,96.81,219935,146.7,73.75,107.86,332.63,26.99,2063.5
"168","2014-11-24",47.59,54.1,118.625,539.27,95.72,221052,147.27,74.01,106.88,335.64,27,2069.409912
"169","2014-11-25",47.47,53.88,117.6,541.08,94.78,221725,147.81,75.63,106.7,335.04,26.86,2067.030029
"170","2014-11-26",47.75,54.28,119,540.37,94.48,222411,148.19,77.62,107.21,333.57,26.87,2072.830078
"171","2014-11-28",47.81,54.48,118.93,541.83,90.54,223065,148.69,77.7,108.25,338.64,26.49,2067.560059
"172","2014-12-01",48.62,53.82,115.07,533.8,92.35,222525,148.52,75.1,108.03,326,26.02,2053.439941
"173","2014-12-02",48.46,54.22,114.63,533.75,94.19,225000,149.87,75.46,108.51,326.31,26.05,2066.550049
"174","2014-12-04",48.84,54.5,115.49,537.31,94.37,225215,150.05,75.24,107.56,316.93,26.09,2071.919922
"175","2014-12-05",48.42,55.03,115,525.26,93.82,225640,150.68,76.36,108.51,312.63,26.01,2075.370117
"176","2014-12-09",47.59,54.83,114.12,533.37,91.38,225334,150.46,76.84,108.05,312.5,25.58,2059.820068
"177","2014-12-10",46.9,54.26,111.95,526.06,88.67,223650,149.08,76.18,106.24,305.84,25.27,2026.140015
"178","2014-12-12",46.95,53.7,109.73,518.66,86.6,219000,146.46,77.83,104.43,307.32,24.89,2002.329956
"179","2014-12-15",46.67,53.19,108.225,513.8,86.9,219073,146.12,76.99,103.96,306.07,24.59,1989.630005
"180","2014-12-16",45.16,52.77,106.745,495.39,86.41,218460,145.28,74.69,102.76,295.06,24.49,1972.73999
"181","2014-12-17",45.74,53.79,109.41,504.89,89.02,222800,148.45,76.11,104.07,298.88,24.66,2012.890015
"182","2014-12-18",47.52,55.21,112.65,511.1,91.16,229300,152.67,78.4,106.81,297.73,25.14,2061.22998
"183","2014-12-19",47.66,54.45,111.78,516.35,93.64,227886,151.56,79.88,105.55,299.9,25.62,2070.649902
"184","2014-12-22",47.98,54.97,112.94,524.87,93.33,227720,151.9,81.45,106.74,306.54,25.71,2078.540039
"185","2014-12-23",48.45,55.47,112.54,530.59,94.59,227630,151.75,80.61,104.28,306.285,25.88,2082.169922
"186","2014-12-24",48.14,55.34,112.01,528.77,93.78,226515,151.54,80.77,104.59,303.03,25.83,2081.879883
"187","2014-12-26",47.88,55.28,113.99,534.03,93.21,226500,151.35,80.775,105.06,309.09,25.78,2088.77002
"188","2014-12-30",47.02,55.42,112.52,530.42,93.02,228255,152.09,79.22,105.36,310.3,25.57,2080.350098
"189","2014-12-31",46.45,54.82,110.38,526.4,92.45,226000,150.15,78.02,104.57,310.35,25.27,2058.899902
"190","2015-01-02",46.76,54.7,109.33,524.81,92.83,223600,149.17,78.45,104.52,308.52,25.06,2058.199951
"191","2015-01-05",46.325,53.2,106.25,513.87,90.29,220980,147,77.19,103.79,302.19,24.6,2020.579956
"192","2015-01-06",45.65,52.09,106.26,501.96,89.81,220450,146.84,76.15,103.28,295.29,24.07,2002.609985
"193","2015-01-08",47.59,53.56,111.89,502.68,92.23,226680,151.37,78.175,106.39,300.46,24.37,2062.139893
"194","2015-01-12",46.6,52.05,109.25,492.55,90.33,222424,148.28,76.72,104.58,291.41,23.98,2028.26001
"195","2015-01-13",46.355,51.85,110.22,496.18,90,223000,148.63,76.45,104.76,294.74,23.86,2023.030029
"196","2015-01-14",45.955,51.25,109.8,500.87,89.74,221878,147.82,76.28,104,293.27,23.78,2011.27002
"197","2015-01-15",45.48,50.72,106.82,501.79,88.96,214748.3647,147.58,74.05,102.49,286.95,23.58,1992.670044
"198","2015-01-20",46.39,52,108.72,506.9,91.09,214748.3647,148.63,76.24,101.29,289.44,23.85,2022.550049
"199","2015-01-21",45.92,52.1,109.55,518.04,91.87,214748.3647,147.18,76.74,101.9,297.25,24.04,2032.119995
"200","2015-01-22",47.13,53.77,112.4,534.39,92.87,224915,150.15,77.65,103.76,310.32,24.28,2063.149902
"201","2015-01-23",47.18,53.26,112.98,539.95,90.89,223751,149.12,77.83,102.2,312.39,24.48,2051.820068
"202","2015-01-26",47.01,53.58,113.1,535.21,91.76,224184,149.7,77.495,102.26,309.66,24.59,2057.090088
"203","2015-01-28",41.19,52.16,115.31,510,87.95,214748.3647,144.78,76.24,101.48,303.91,23.84,2002.160034
"204","2015-01-29",42.01,52.76,118.9,510.66,87.58,214748.3647,146.29,78,102.38,311.78,24.08,2021.25
"205","2015-01-30",40.4,51.92,117.16,534.52,87.42,214748.3647,143.91,75.91,100.14,354.53,23.89,1994.98999
"206","2015-02-02",41.28,52.81,118.63,528.48,89.58,214748.3647,146.73,74.99,100.83,364.47,24.21,2020.849976
"207","2015-02-03",41.6,53.45,118.65,529.24,92.25,214748.3647,148.29,75.4,102.46,363.55,24.47,2050.030029
"208","2015-02-04",41.84,53.03,119.56,522.76,91.46,221026.88,147.53,75.63,101.36,364.75,24.16,2041.51001
"209","2015-02-06",42.41,54.45,118.93,531,91.5,224880,150.18,74.47,101.1,374.28,24.52,2055.469971
"210","2015-02-09",42.36,54.21,119.72,527.83,91.56,214748.3647,149.13,74.44,99.78,370.56,24.64,2046.73999
"211","2015-02-10",42.6,54.57,122.02,536.94,91.01,214748.3647,149.92,75.19,100.35,372.995,24.72,2068.590088
"212","2015-02-11",42.38,53.9,124.88,535.97,90.6,214748.3647,149.68,76.51,100.38,375.14,24.77,2068.530029
"213","2015-02-12",43.09,54.86,126.46,542.93,92.37,214748.3647,149.79,76.23,98.44,377.17,24.89,2088.47998
"214","2015-02-13",43.87,55.33,127.08,549.01,93.37,214748.3647,148.34,75.74,99.62,381.83,25.15,2096.98999
"215","2015-02-17",43.58,55.37,127.83,542.84,93.05,214748.3647,149.17,75.6,100.44,375.43,25.17,2100.340088
"216","2015-02-18",43.53,54.52,128.715,539.7,91.01,214748.3647,148.67,76.71,99.96,373.37,25.25,2099.679932
"217","2015-02-19",43.5,54.56,128.45,542.87,89.44,214748.3647,147.48,79.42,100.7,378.995,25.01,2097.449951
"218","2015-02-20",43.855,54.83,129.495,538.95,89.92,214748.3647,148.72,79.895,100.26,383.66,25.21,2110.300049
"219","2015-02-23",44.15,55.1,133,531.91,89.01,214748.3647,147.37,78.84,100.18,380.14,25.17,2109.659912
"220","2015-02-24",44.09,55.37,132.17,536.09,89.42,223405,148.95,78.45,100.7,378.59,25.39,2115.47998
"221","2015-02-25",43.99,55.33,128.79,543.87,89.6,222855,148.78,79.56,101.21,385.37,25.91,2113.860107
"222","2015-02-26",44.055,55.15,130.415,555.48,88.65,222250,148.34,80.41,102.8,384.8,25.89,2110.73999
"223","2015-02-27",43.85,54.79,128.46,558.4,88.54,221180,147.41,78.97,102.51,380.16,25.99,2104.5
"224","2015-03-02",43.88,55.55,129.09,571.34,88.04,220365,147.08,79.75,103.22,385.655,26.11,2117.389893
"225","2015-03-03",43.28,55.45,129.36,573.64,87.62,219000,145.93,79.6,102.34,384.61,25.86,2107.780029
"226","2015-03-04",43.055,54.82,128.54,573.37,87.18,217612,144.92,80.895,101.65,382.72,25.66,2098.530029
"227","2015-03-05",43.11,54.84,126.41,575.33,86.74,219500,146.06,81.21,102.52,387.83,25.82,2101.040039
"228","2015-03-06",42.36,54.59,126.6,567.685,85.63,218810.99,145.28,80.005,100.11,380.09,25.42,2071.26001
"229","2015-03-09",42.85,54.67,127.14,568.85,85.16,220499.9,146.13,79.44,100.66,378.56,25.64,2079.429932
"230","2015-03-10",42.03,53.29,124.51,555.01,84.26,217400,143.19,77.55,99.53,369.51,25.17,2044.160034
"231","2015-03-11",41.98,53.7,122.24,551.18,84.02,217500,143.44,77.57,98.32,366.37,25.19,2040.23999
"232","2015-03-12",41.02,55.59,124.45,555.51,84.22,219898,145.67,78.93,99.83,374.24,25.4,2065.949951
"233","2015-03-13",41.38,55.34,123.59,547.32,83.87,217118,143.97,78.05,99.21,370.58,25.04,2053.399902
"234","2015-03-16",41.56,55.73,124.95,554.51,84.76,219502,145.98,78.07,101.06,373.35,25.45,2081.189941
"235","2015-03-17",41.695,55.91,127.04,550.84,84.08,218599.95,144.75,79.365,99.89,371.92,25.31,2074.280029
"236","2015-03-18",42.5,56.17,128.47,559.5,86.07,219699,146,80.91,101.46,375.135,25.64,2099.5
"237","2015-03-19",42.285,55.51,127.495,557.99,84.41,218000,144.88,82.75,101.69,373.24,25.33,2089.27002
"238","2015-03-20",42.88,56.01,125.9,560.36,84.54,218300,145.53,83.8,102.4,378.49,25.4,2108.100098
"239","2015-03-23",42.855,55.78,127.21,558.81,85.43,218646,145.56,84.43,102.98,375.11,25.47,2104.419922
"240","2015-03-24",42.9,55.35,126.69,570.19,84.52,217005,144.29,85.31,101.96,374.09,25.27,2091.5
"241","2015-03-25",41.46,54.54,123.38,558.785,84.86,217000,143.56,82.92,100.34,370.96,24.91,2061.050049
"242","2015-03-26",41.21,54.5,124.24,555.17,84.32,216240,143.03,83.01,100.14,367.35,24.8,2056.149902
"243","2015-03-27",40.97,54.12,123.25,548.34,83.58,217000.1,143.89,83.3,100.34,370.56,24.86,2061.02002
"244","2015-03-30",40.96,54.77,126.37,552.03,85.63,219700,145.98,83.195,101.55,374.59,25.12,2086.23999
"245","2015-03-31",40.655,54.4,124.43,548,85,217500,144.32,82.215,100.6,372.1,24.81,2067.889893
"246","2015-04-01",40.72,53.94,124.25,542.56,84.46,216300,143.45,81.665,99.15,370.255,24.84,2059.689941
"247","2015-04-02",40.29,54.37,125.32,535.53,84.3,216500,143.56,81.555,99.64,372.25,24.94,2066.959961
"248","2015-04-06",41.545,54.08,127.35,536.765,85.13,216275,143.76,82.44,99.16,377.04,25.18,2080.620117
"249","2015-04-07",41.53,54.02,126.01,537.02,85.75,215500,143.06,82.32,100.1,374.41,25.02,2076.330078
"250","2015-04-08",41.42,54,125.6,541.61,84.06,214828,143.28,82.275,100.16,381.2,25.01,2081.899902
"251","2015-04-09",41.48,54.19,126.56,540.78,84.65,215522.77,143.65,82.17,101.33,383.54,25.73,2091.179932
"252","2015-04-10",41.72,54.32,127.1,540.01,85.56,215211,143.5,82.04,102.06,382.65,28.51,2102.060059
"253","2015-04-13",41.76,54.59,126.85,539.17,85.34,215950,143.46,83.01,100.55,382.36,27.63,2092.429932
"254","2015-04-14",41.65,54.19,126.3,530.39,86.63,214420,142.75,83.515,100.52,385.11,27.73,2095.840088
"255","2015-04-15",42.255,54.81,126.78,532.53,88.08,214675.1,142.71,82.705,100.6,383.45,27.46,2106.629883
"256","2015-04-16",42.16,54.81,126.17,533.8,87.73,214350,142.1,82.31,99.79,386.04,27.28,2104.98999
"257","2015-04-17",41.615,54.05,124.75,524.05,86.93,212982,140.7,80.775,99.58,375.56,27.25,2081.179932
"258","2015-04-20",42.905,54.36,127.6,535.38,87.24,214100,142.09,83.09,100.21,389.51,27.02,2100.399902
"259","2015-04-21",42.635,54.28,126.91,533.97,86.88,213440,141.14,83.62,100.3,391.18,26.62,2097.290039
"260","2015-04-22",42.985,54.67,128.62,539.365,87.46,214789,141.99,84.63,100.43,389.8,26.91,2107.959961
"261","2015-04-23",43.34,54.86,129.67,547,87.54,214740,142.43,82.41,100.46,389.99,26.85,2112.929932
"262","2015-04-24",47.87,54.7,130.28,565.06,86.97,214490,142.09,81.53,101.08,445.1,26.8,2117.689941
"263","2015-04-27",48.03,54.97,132.65,555.37,87.01,212585,141.09,81.91,100.58,438.56,26.88,2108.919922
"264","2015-04-28",49.155,55.41,130.56,553.68,87.8,215150,142.52,80.68,100.74,429.31,27.12,2114.76001
"265","2015-04-29",49.06,55.46,128.64,549.08,87.87,214400,142.41,80.465,100.39,429.37,27.09,2106.850098
"266","2015-04-30",48.64,55.1,125.15,537.34,87.37,213400,141.21,78.77,99.2,421.78,27.08,2085.51001
"267","2015-05-01",48.655,55.19,128.95,537.9,88.85,215800,143.36,78.99,100.13,422.87,27.31,2108.290039
"268","2015-05-04",48.24,55.73,128.7,540.78,89.11,219290,146.15,78.81,100.35,423.04,27.27,2114.48999
"269","2015-05-05",47.6,55.72,125.8,530.8,88.61,218000.14,144.56,77.56,99.5,421.19,26.92,2089.459961
"270","2015-05-06",46.28,54.92,125.01,524.22,88.19,216620,143.78,78.1,99.17,419.1,26.81,2080.149902
"271","2015-05-07",46.7,54.81,125.26,530.7,87.6,218720,145.31,78.425,99.66,426.88,27.04,2088
"272","2015-05-08",47.75,56.05,127.62,538.22,88.99,222880,148.31,78.51,101.47,433.69,27.36,2116.100098
"273","2015-05-11",47.37,55.51,126.32,535.7,86.78,219550,146.17,78.01,101.03,432.85,26.92,2105.330078
"274","2015-05-12",47.35,55.47,125.865,529.04,87.02,217800,144.79,77.46,100.47,431.02,27.03,2099.120117
"275","2015-05-13",47.625,55.6,126.01,529.62,86.56,217200,144.26,78.44,100.55,426.87,27.21,2098.47998
"276","2015-05-14",48.72,56.04,128.95,538.4,86.97,219270,145.78,81.37,101.83,432.28,27.41,2121.100098
"277","2015-05-15",48.295,55.52,128.77,533.85,87.35,218640,145.26,80.42,102.3,426,27.27,2122.72998
"278","2015-05-18",48.01,55.75,130.19,532.3,86.85,219125.33,145.83,80.88,103.42,425.24,27.31,2129.199951
"279","2015-05-19",47.58,56.4,130.07,537.36,86.99,220400,146.54,80.63,103.96,421.71,27.35,2127.830078
"280","2015-05-20",47.58,56.08,130.06,539.27,87.13,219526,145.94,80.55,103.6,423.86,27.64,2125.850098
"281","2015-05-21",47.42,56.01,131.39,542.51,87.21,218279.99,145.27,80.48,102.42,431.63,27.72,2130.820068
"282","2015-05-22",46.9,56,132.54,540.11,86.52,217000,144.6,80.54,101.35,427.63,27.68,2126.060059
"283","2015-05-26",46.59,55.66,129.62,532.32,85.35,215700,143.63,79.335,100.82,425.47,27.52,2104.199951
"284","2015-05-27",47.61,56.07,132.045,539.79,85.11,217440,144.75,80.55,101.13,431.42,27.52,2123.47998
"285","2015-05-28",47.45,56.21,131.78,539.78,85.11,217580,144.74,80.145,101.15,426.57,27.63,2120.790039
"286","2015-05-29",46.86,55.96,130.28,532.11,85.2,214800,143,79.19,100.14,429.23,27.27,2107.389893
"287","2015-06-01",47.23,56.04,130.535,533.99,85.13,215400,143.35,80.29,100.04,430.92,27.28,2111.72998
"288","2015-06-02",46.92,56.18,129.96,539.18,85.14,214820,143.03,80.445,99.98,430.99,27.33,2109.600098
"289","2015-06-03",46.85,56.91,130.12,540.31,84.95,214600,143.19,82.44,100.09,436.59,27.53,2114.070068
"290","2015-06-04",46.36,56.14,129.36,536.7,84.22,212585.39,141.37,82.05,99.23,430.78,27.26,2095.840088
"291","2015-06-05",46.14,56.61,128.65,533.33,84.28,211560,140.76,82.14,98.59,426.95,27.29,2092.830078
"292","2015-06-08",45.73,56.12,127.8,526.83,84.85,210000,139.52,80.67,97.96,423.5,27.24,2079.280029
"293","2015-06-09",45.65,56.7,127.42,526.69,84.58,209700,139.63,80.67,98.21,425.48,27.33,2080.149902
"294","2015-06-10",46.61,57.21,128.88,536.69,85.21,211400,140.86,82.16,98.88,430.77,27.63,2105.199951
"295","2015-06-11",46.44,57.26,128.59,534.61,85.09,211940,141.36,81.83,99.24,432.97,27.51,2108.860107
"296","2015-06-12",45.97,57.09,127.17,532.33,84.02,210760,140.29,81.53,98.35,429.92,27.39,2094.110107
"297","2015-06-15",45.475,56.98,126.92,527.2,83.72,209300,139.4,80.71,97.49,423.67,27.21,2084.429932
"298","2015-06-16",45.83,57.22,127.6,528.15,84.68,209760,139.71,81.06,98.36,427.26,27.22,2096.290039
"299","2015-06-17",45.97,57.17,127.3,529.26,84.73,210150,139.97,81.79,98.73,427.81,27.27,2100.439941
"300","2015-06-18",46.72,57.7,127.88,536.73,85.48,214050,142.67,82.905,100.36,439.39,27.37,2121.23999
"301","2015-06-19",46.1,57.05,126.6,536.69,85.21,212199.9,140.96,82.51,99.86,434.92,27.24,2109.98999
"302","2015-06-22",46.23,57.91,127.61,538.19,85.17,212580,141.53,84.74,100.09,436.29,27.42,2122.850098
"303","2015-06-23",45.91,57.89,127.03,540.48,85.07,211900,141.33,87.88,99.78,445.99,27.55,2124.199951
"304","2015-06-24",45.635,57.54,128.11,537.84,84.68,210500,140.09,88.86,99.33,440.84,27.26,2108.580078
"305","2015-06-25",45.65,57.17,127.5,535.23,83.93,209600,139.45,87.98,99.12,440.1,27.04,2102.310059
"306","2015-06-26",45.26,57.44,126.75,531.69,83.86,209581,139.78,88.01,99.64,438.1,27.09,2101.48999
"307","2015-06-29",44.37,56.06,124.53,521.52,82.82,205000,136.51,85.8,97.68,429.86,26.64,2057.639893
"308","2015-06-30",44.15,56.24,125.425,520.51,83.2,205300,136.11,85.765,97.46,434.09,26.57,2063.110107
"309","2015-07-01",44.445,56.91,126.6,521.84,82.37,206365,137.52,86.91,98.47,437.39,26.66,2077.419922
"310","2015-07-02",44.4,56.74,126.44,523.4,83.14,205923,137.39,87.285,98.44,437.71,26.78,2076.780029
"311","2015-07-06",44.39,56.44,126,522.86,82.53,205500.01,136.89,87.55,98.2,436.04,26.31,2068.76001
"312","2015-07-07",44.3,56.25,125.69,525.02,82.87,208150,138.44,87.22,98.92,436.72,26.47,2081.340088
"313","2015-07-08",44.24,55.25,122.57,516.83,81.97,206186,136.9,85.65,97.77,429.7,25.89,2046.680054
"314","2015-07-09",44.52,55.5,120.07,520.68,81.6,207740.05,138.25,85.88,98.4,434.39,26.02,2051.310059
"315","2015-07-10",44.61,56.08,123.28,530.13,82.22,209800,139.73,87.95,99.53,443.51,26.27,2076.620117
"316","2015-07-14",45.62,57.25,125.61,561.1,83.11,211767,141.12,89.68,99.78,465.57,26.66,2108.949951
"317","2015-07-15",45.76,57.78,126.82,560.22,82.76,213800,142.61,89.76,100.42,461.19,26.77,2107.399902
"318","2015-07-16",46.66,58.17,128.51,579.85,82.91,215950,143.92,90.85,101.11,475.48,27.04,2124.290039
"319","2015-07-17",46.62,57.94,129.62,672.93,82.61,215960,143.88,94.97,100.08,483.01,27.24,2126.639893
"320","2015-07-20",46.92,58.05,132.07,663.02,81.76,216480,144.51,97.91,100.37,488.1,27.14,2128.280029
"321","2015-07-21",47.28,57.95,130.75,662.3,81.66,215796,143.6,98.39,100.34,488,26.85,2119.209961
"322","2015-07-22",45.54,58.52,125.22,662.1,81.79,215380,143.52,97.04,100.18,488.27,26.63,2114.149902
"323","2015-07-23",46.11,58.21,125.16,644.28,81.14,213520,142.18,95.44,100.2,482.18,26.26,2102.149902
"324","2015-07-24",45.94,57.78,124.5,623.56,79.94,212032.32,141.25,96.95,99.15,529.42,25.75,2079.649902
"325","2015-07-27",45.35,57.59,122.77,627.26,79.26,210725,140.72,94.17,98.28,531.41,25.95,2067.639893
"326","2015-07-28",45.34,57.4,123.38,628,82.48,215091,143.22,95.29,99.02,526.03,26.1,2093.25
"327","2015-07-29",46.29,57.96,122.99,631.93,83.14,214320,142.92,96.99,99.73,529,26.26,2108.570068
"328","2015-07-30",46.88,58.15,122.37,632.59,83.01,214745,142.85,95.21,99.84,536.76,26.12,2108.629883
"329","2015-07-31",46.7,57.87,121.3,625.61,79.21,214000,142.74,94.01,100.21,536.15,26.1,2103.840088
"330","2015-08-03",46.81,57.91,118.44,631.21,78.06,213500,142.33,94.14,100.02,535.03,25.87,2098.040039
"331","2015-08-04",47.54,57.82,114.64,629.25,77.17,214150,142.68,94.06,99.8,531.9,25.9,2093.320068
"332","2015-08-05",47.58,57.65,115.4,643.78,77.17,215201,143.5,96.44,100.52,537.01,26.1,2099.840088
"333","2015-08-06",46.62,57.53,115.13,642.68,78.09,215650,143.35,95.12,99.07,529.46,26.03,2083.560059
"334","2015-08-07",46.74,57.47,115.52,635.3,76.83,215462.76,143.55,94.3,98.85,522.62,25.79,2077.570068
"335","2015-08-10",47.33,57.94,119.72,633.73,78.75,215300,143.42,94.15,99.79,524,26.24,2104.179932
"336","2015-08-11",46.41,57.21,113.49,660.78,77.49,214500,142.8,93.62,99.01,527.46,25.71,2084.070068
"337","2015-08-12",46.74,56.72,115.24,659.56,78.79,213000,141.6,94.19,98.71,525.91,25.86,2086.050049
"338","2015-08-13",46.73,56.89,115.15,656.45,78.65,213185,141.95,93.43,98.48,529.66,25.79,2083.389893
"339","2015-08-14",47,57.33,115.96,657.12,78.36,213981,142.57,94.42,98.81,531.52,26.08,2091.540039
"340","2015-08-17",47.32,57.35,117.16,660.87,78.77,213300,142.32,93.93,99.87,535.22,26.21,2102.439941
"341","2015-08-18",47.27,57.54,116.5,656.13,77.9,212100,141.36,95.17,99.37,535.02,26.07,2096.919922
"342","2015-08-19",46.61,57.06,115.01,660.9,76.23,210660,140.47,95.31,99.31,532.92,25.73,2079.610107
"343","2015-08-20",45.66,56.12,112.65,646.83,74.57,207862,138.39,90.56,98.79,515.78,25.19,2035.72998
"344","2015-08-21",43.07,53.97,105.76,612.48,72.13,202500,134.22,86.06,95.56,494.47,24.59,1970.890015
"345","2015-08-24",41.68,51.25,103.12,589.61,68.72,197625.08,129.57,82.09,92.82,463.37,23.87,1893.209961
"346","2015-08-25",40.47,50.02,103.74,582.06,68.71,194199.9,127.74,83,90.73,466.37,23.27,1867.609985
"347","2015-08-26",42.71,52.3,109.69,628.62,72.5,200499.9,132.61,87.19,95.11,500.77,24.01,1940.51001
"348","2015-08-27",43.9,54.03,112.92,637.61,74.85,204940,136.23,89.73,96.22,518.37,25.01,1987.660034
"349","2015-08-28",43.93,53.54,113.29,630.38,75.07,205344,135.74,91.01,95.17,518.01,25.16,1988.869995
"350","2015-08-31",43.52,53.33,112.76,618.25,75.24,202531,134.04,89.43,93.98,512.89,24.82,1972.180054
"351","2015-09-01",41.82,50.99,107.72,597.79,72.08,198144.3,130.41,87.23,92.09,496.54,23.88,1913.849976
"352","2015-09-02",43.36,51.99,112.34,614.34,73.23,199360,132.22,89.89,93.35,510.55,24.57,1948.859985
"353","2015-09-03",43.5,52.43,110.37,606.25,73.79,199665,132.15,88.15,92.64,504.72,24.51,1951.130005
"354","2015-09-04",42.61,51.29,109.27,600.7,72.46,196501,129.64,88.26,91.31,499,24,1921.219971
"355","2015-09-08",43.89,52.93,112.31,614.66,73.5,200600,132.9,89.53,93.94,517.54,24.96,1969.410034
"356","2015-09-09",43.07,52.19,110.15,612.72,72,196875,130.59,90.44,92.22,516.89,24.55,1942.040039
"357","2015-09-10",43.29,52.56,112.57,621.35,72.52,197639,130.66,91.98,92.72,522.24,24.68,1952.290039
"358","2015-09-11",43.48,52.62,114.21,625.77,72.69,198329,131.37,92.05,92.93,529.44,24.95,1961.050049
"359","2015-09-14",43.04,52.77,115.31,623.24,72.49,197598,130.9,92.31,93.32,521.38,24.77,1953.030029
"360","2015-09-15",43.98,53.47,116.28,635.14,72.86,199305.05,132.26,92.9,94.4,522.37,25.3,1978.089966
"361","2015-09-16",44.3,53.72,116.41,635.98,74.3,199415,132.58,93.45,94.61,527.39,25.93,1995.310059
"362","2015-09-17",44.25,52.21,113.92,642.9,74.46,198100,131.47,94.34,94.84,538.87,25.35,1990.199951
"363","2015-09-18",43.48,51.04,113.45,629.25,72.68,192200,129.1,94.4,93.39,540.26,24.8,1958.030029
"364","2015-09-21",44.11,51.55,115.21,635.44,73.39,197022,130.98,95.55,93.13,548.39,25.09,1966.969971
"365","2015-09-22",43.9,50.69,113.4,622.69,72.74,195386,129.3,92.96,93.24,538.4,25.11,1942.73999
"366","2015-09-23",43.87,50.78,114.32,622.36,72.3,194479,129.16,93.97,92.99,536.07,25.14,1938.76001
"367","2015-09-24",43.91,50.55,115,625.8,72.73,193800,128.83,94.41,92.48,533.75,24.91,1932.23999
"368","2015-09-25",43.94,51.48,114.71,611.97,73.23,194620,129.64,92.77,91,524.25,24.92,1931.339966
"369","2015-09-28",43.29,50.37,112.44,594.89,72.6,193305,128.62,89.21,91.37,504.06,24.31,1881.77002
"370","2015-09-29",43.44,50.89,109.06,594.97,72.97,193621,128.81,86.67,93.04,496.07,24.57,1884.089966
"371","2015-09-30",44.2,51.35,109.95,608.42,74.35,195240,130.4,89.73,93.35,511.67,25.22,1920.030029
"372","2015-10-01",44.61,51.44,109.58,611.29,74.06,195739,129.88,90.95,93.17,520.72,25.19,1923.819946
"373","2015-10-02",45.57,51.26,110.38,626.91,75.88,195500,129.83,92.07,93.93,532.54,25.47,1951.359985
"374","2015-10-05",46.63,52.41,110.78,641.47,76.81,198561,132.38,94.01,94.76,543.68,26.82,1987.050049
"375","2015-10-06",46.75,52.03,111.31,645.44,77.89,196720,131.19,92.8,93.42,537.48,27.29,1979.920044
"376","2015-10-07",46.8,52.19,110.78,642.36,79.2,199000,132.68,92.4,94.98,541.94,27.77,1995.829956
"377","2015-10-08",47.45,52.54,109.5,639.16,80.03,200616,133.75,92.47,95.08,533.16,28.03,2013.430054
"378","2015-10-09",47.11,52.14,112.12,643.61,79.26,199650,133.03,93.24,95.37,539.8,28.07,2014.890015
"379","2015-10-12",47,52.18,111.6,646.67,79.3,2e+05,133.4,94.26,95.99,550.19,28.09,2017.459961
"380","2015-10-13",46.89,51.86,111.79,652.3,79.16,198578,132.19,94.12,95.45,548.9,27.87,2003.689941
"381","2015-10-14",46.68,51.5,110.21,651.16,80.16,196898.99,131.18,94.07,94.53,544.83,27.6,1994.23999
"382","2015-10-15",47.01,52.69,111.86,661.74,81.48,200499,133.8,95.96,97.15,562.44,28.03,2023.859985
"383","2015-10-16",47.51,52.88,111.04,662.2,82.48,200469,133.81,97.54,98.24,570.76,28.98,2033.109985
"384","2015-10-19",47.62,52.56,111.73,666.1,80.99,200695,133.62,98.47,97.94,573.15,28.99,2033.660034
"385","2015-10-20",47.77,53.08,113.77,650.28,80.83,201480,134.16,97,97.59,560.88,28.78,2030.77002
"386","2015-10-21",47.2,53.12,113.76,642.61,80.21,199900,133.22,97.11,97.63,555.77,28.85,2018.939941
"387","2015-10-22",48.03,54.06,115.5,651.79,82.89,206020,137.29,99.67,99.53,563.91,29.58,2052.51001
"388","2015-10-23",52.87,54.75,119.08,702,82.98,206584,137.78,102.19,100.31,599.03,29.51,2075.149902
"389","2015-10-26",54.25,54.29,115.28,712.78,81.22,205380,137,103.77,99.94,608.61,29.55,2071.179932
"390","2015-10-27",53.69,54.12,114.55,708.49,81.09,203280,135.63,103.7,100.19,611.01,29.46,2065.889893
"391","2015-10-28",53.98,55.45,119.27,712.95,82.28,206940,138.16,104.2,100.48,617.1,29.39,2090.350098
"392","2015-10-29",53.36,55.09,120.53,716.92,82.23,206816.92,137.89,104.88,101.37,626.55,29.34,2089.409912
"393","2015-10-30",52.64,54.14,119.5,710.81,82.74,204596,136.02,101.97,101.03,625.9,28.92,2079.360107
"394","2015-11-02",53.24,54.85,121.18,721.11,85.28,207745,138.4,103.31,102.17,628.35,29.4,2104.050049
"395","2015-11-03",54.15,54.93,122.57,722.16,86.85,206704,137.94,102.58,101.96,625.31,29.59,2109.790039
"396","2015-11-04",54.4,54.58,122,728.11,85.98,206120,137.43,103.94,101.94,640.95,29.54,2102.310059
"397","2015-11-05",54.38,54.86,120.92,731.25,84.81,204694,136.57,108.76,102.33,655.65,29.64,2099.929932
"398","2015-11-06",54.92,55.85,121.06,733.76,84.47,203100,136.33,107.095,101.92,659.37,29.92,2099.199951
"399","2015-11-09",54.16,55.47,120.57,724.89,81.95,201000,134,106.49,100.84,655.49,29.75,2078.580078
"400","2015-11-10",53.51,55.91,116.77,728.32,82.35,201754,134.73,107.91,101.45,659.68,30.12,2081.719971
"401","2015-11-11",53.65,55.8,116.11,735.4,81.62,202355,134.96,109.01,101.86,673.25,30.67,2075
"402","2015-11-12",53.32,55.17,115.72,731.23,79.41,199371,132.78,108.02,100.27,665.6,30.16,2045.969971
"403","2015-11-13",52.84,54.57,112.34,717,78.1,197825,131.96,103.95,99.88,642.35,30.28,2023.040039
"404","2015-11-16",53.765,55.27,114.175,728.96,80.9,199800,133.3,104.04,101.22,647.81,30.36,2053.189941
"405","2015-11-17",52.97,54.96,113.69,725.3,79.96,200045,133.09,105.13,101.5,643.3,30.32,2050.439941
"406","2015-11-18",53.85,55.67,117.29,740,80.74,204280,136.22,107.77,102.67,663.54,30.52,2083.580078
"407","2015-11-19",53.94,55.97,118.78,738.41,80.3,204901,136.63,106.26,102.49,661.27,30.27,2081.23999
"408","2015-11-20",54.19,55.82,119.3,756.6,79.79,204600,136.63,107.32,102.48,668.45,30.66,2089.169922
"409","2015-11-23",54.19,55.6,117.75,755.98,80.28,203779,135.99,106.95,102.77,678.99,30.59,2086.590088
"410","2015-11-24",54.25,55.28,118.88,748.28,81.88,203360,135.54,105.74,102.04,671.15,30.66,2089.139893
"411","2015-11-25",53.69,55.22,118.03,748.15,81.25,202285,135.13,105.41,101.96,675.34,30.36,2088.870117
"412","2015-11-27",53.93,55.39,117.81,750.26,81.23,201624,134.63,105.45,102.37,673.26,30.36,2090.110107
"413","2015-11-30",54.35,55.1,118.3,742.6,81.66,201360,134.09,104.24,101.24,664.8,29.94,2080.409912
"414","2015-12-01",55.22,55.71,117.34,767.04,81.89,204945,136.43,107.12,102.36,679.06,30.17,2102.629883
"415","2015-12-02",55.21,55.08,116.28,762.38,79.55,202930,135.27,106.07,102.05,676.01,29.97,2079.51001
"416","2015-12-03",54.2,54.2,115.2,752.54,78.41,198801,132.66,104.38,100.79,666.25,30.03,2049.620117
"417","2015-12-04",55.91,55.67,119.03,766.81,78.86,204500,136.48,106.18,102.95,672.64,30.49,2091.689941
"418","2015-12-07",55.81,55.42,118.28,763.25,76.8,203500,135.6,105.61,103.32,669.83,30.37,2077.070068
"419","2015-12-08",55.79,54.4,118.23,762.37,74.63,200105,133.36,106.49,102.42,677.33,30.19,2063.590088
"420","2015-12-09",54.98,54.12,115.62,751.61,75.63,197660,131.71,104.6,102.15,664.79,30.47,2047.619995
"421","2015-12-10",55.27,54.34,116.17,749.46,75.69,197505,131.71,105.42,102.64,662.32,30.65,2052.22998
"422","2015-12-11",54.06,53.31,113.18,738.87,74.34,195756.87,130.31,102.12,101.68,640.15,30.26,2012.369995
"423","2015-12-14",55.14,53.2,112.48,747.77,76.03,198040,132.02,104.66,102.15,657.91,30.26,2021.939941
"424","2015-12-15",55.2,54.91,110.49,743.4,79.43,202439.97,134.88,104.55,104.13,658.64,30.32,2043.410034
"425","2015-12-16",56.13,55.85,111.34,758.09,79.15,203800,135.88,106.79,105.25,675.77,30.98,2073.070068
"426","2015-12-17",55.7,55.47,108.98,749.43,77.96,201000,133.97,106.22,103.64,670.65,30.55,2041.890015
"427","2015-12-18",54.13,53.79,106.03,739.31,77.28,194720,129.53,104.04,101.95,664.14,30.28,2005.550049
"428","2015-12-21",54.83,54.02,107.33,747.77,77.26,196801,131.19,104.77,101.58,664.51,30.4,2021.150024
"429","2015-12-22",55.35,54.34,107.23,750,77.65,199680,133.14,105.51,102.71,663.15,30.49,2038.969971
"430","2015-12-23",55.82,55.04,108.61,750.31,80.19,2e+05,134.15,104.63,103.49,663.7,30.95,2064.290039
"431","2015-12-24",55.67,54.82,108.03,748.4,79.33,201137,133.89,105.02,103.72,662.79,30.83,2060.98999
"432","2015-12-28",55.95,54.68,106.82,762.51,78.74,199876,133.12,105.93,103.22,675.2,30.9,2056.5
"433","2015-12-29",56.55,55.29,108.74,776.6,79.16,200050,134.14,107.26,104.03,693.97,31.28,2078.360107
"434","2015-12-30",56.31,54.89,107.32,771,78.11,200081,133.26,106.22,103.78,689.07,31.05,2063.360107
"435","2015-12-31",55.48,54.36,105.26,758.88,77.95,197800,132.04,104.66,102.72,675.89,31.15,2043.939941
"436","2016-01-04",54.8,52.91,105.35,741.84,77.46,196295,130.75,102.22,100.48,636.99,30.71,2012.660034
"437","2016-01-05",55.05,52.89,102.71,742.58,78.12,196999.99,131.25,102.73,100.9,633.79,30.74,2016.709961
"438","2016-01-06",54.05,51.88,100.7,743.62,77.47,197415,131.33,102.97,100.39,632.65,30.25,1990.26001
"439","2016-01-07",52.17,50.4,96.45,726.39,76.23,195580,129.48,97.92,99.22,607.94,28.97,1943.089966
"440","2016-01-08",52.33,49.56,96.96,714.47,74.69,193900,128.33,97.33,98.16,607.05,28.45,1922.030029
"441","2016-01-11",52.3,50.09,98.53,716.03,73.69,193060.01,128.36,97.51,97.57,617.74,28.58,1923.670044
"442","2016-01-12",52.78,51.36,99.96,726.07,75.2,193999.99,128.8,99.37,98.24,617.89,28.64,1938.680054
"443","2016-01-13",51.64,49.73,97.39,700.56,75.65,190499.5,126.25,95.44,97.02,581.81,28.24,1890.280029
"444","2016-01-14",53.11,50.64,99.52,714.72,79.12,192250,128.07,98.37,98.89,593,29.06,1921.839966
"445","2016-01-15",50.99,48.82,97.13,694.45,77.58,190000,126.14,94.97,97,570.18,28.49,1880.329956
"446","2016-01-19",50.56,48.21,96.66,701.79,76.4,191700,127.76,95.26,97.5,574.48,28.49,1881.329956
"447","2016-01-20",50.79,47.87,96.79,698.45,73.18,188470,124.83,94.35,95.75,571.77,28,1859.329956
"448","2016-01-21",50.48,48.01,96.3,706.59,74.1,189455,125.62,94.16,95.94,575.02,28.59,1868.98999
"449","2016-01-22",52.29,49.02,101.42,725.25,76.57,191395.99,127.04,97.94,96.75,596.38,28.24,1906.900024
"450","2016-01-25",51.79,47.66,99.44,711.67,73.98,187001,124.13,97.01,96.4,596.53,28.04,1877.079956
"451","2016-01-26",52.17,48.26,99.99,713.04,76.7,189640,125.89,97.34,101.18,601.25,28.31,1903.630005
"452","2016-01-27",51.22,48.57,93.42,699.99,75.29,189091,125.19,94.45,102.16,583.35,28,1882.949951
"453","2016-01-28",52.055,48.92,94.09,730.96,76.99,188300,126.01,109.11,102.27,635.35,28.21,1893.359985
"454","2016-01-29",55.09,50.23,97.34,742.95,77.85,194360.05,129.77,112.21,104.44,587,29.1,1940.23999
"455","2016-02-01",54.71,49.94,96.43,752,76.29,194759,128.66,115.09,104.37,574.81,28.64,1939.380005
"456","2016-02-02",53,48.83,94.48,764.65,74.59,189902,125.7,114.61,103.41,552.1,28.24,1903.030029
"457","2016-02-03",52.16,47.6,96.35,726.95,78.48,189861,126.24,112.69,104.14,531.07,28.67,1912.530029
"458","2016-02-04",52,48.25,96.6,708.01,79.83,192200,127.44,110.49,103.9,536.26,29.18,1915.449951
"459","2016-02-05",50.16,47.86,94.02,683.57,80.08,190820,126.56,104.07,100.54,502.13,28.54,1880.050049
"460","2016-02-08",49.41,46.5,95.01,682.74,81.16,191255.04,126.78,99.75,102,488.1,28.17,1853.439941
"461","2016-02-09",49.28,46.45,94.99,678.11,80.08,192635,127.72,99.54,101.97,482.07,28.28,1852.209961
"462","2016-02-10",49.71,46.17,94.27,684.12,79.35,190520,126.58,101,101.73,490.48,28.3,1851.859985
"463","2016-02-11",49.69,45.16,93.7,683.11,79.6,190000,125.09,101.91,101.7,503.82,27.45,1829.079956
"464","2016-02-12",50.5,47.31,93.99,682.4,81.03,193999,128.07,102.01,101.82,507.08,28.26,1864.780029
"465","2016-02-16",51.09,48.24,96.64,691,81.22,193465,128.56,101.61,102.32,521.1,28.86,1895.579956
"466","2016-02-17",52.42,48.13,98.12,708.4,82,195903,130.26,105.2,102.5,534.1,29.34,1926.819946
"467","2016-02-18",52.19,47.73,96.26,697.35,82.45,196025,130.86,103.47,104.24,525,29.08,1917.829956
"468","2016-02-19",51.82,48.09,96.04,700.91,82.5,197310.25,131.05,104.57,104.16,534.9,29.02,1917.780029
"469","2016-02-22",52.65,49.19,96.88,706.46,82.39,198650,131.99,107.16,104.75,559.5,29.41,1945.5
"470","2016-02-23",51.18,48.1,94.69,695.85,81.23,196502,130.74,105.46,104.08,552.94,29.22,1921.27002
"471","2016-02-24",51.36,47.61,96.1,699.56,81.52,196511,131.03,106.88,104.96,554.04,28.96,1929.800049
"472","2016-02-25",52.1,47.75,96.76,705.75,82.01,198899,132.31,108.07,106.38,555.15,29.23,1951.699951
"473","2016-02-26",51.3,48.07,96.91,705.07,81.75,198190.5,131.92,107.92,105.78,555.23,29.4,1948.050049
"474","2016-02-29",50.88,46.92,96.69,697.77,80.15,202555,134.17,106.92,105.21,552.52,29.14,1932.22998
"475","2016-03-01",52.58,48.72,100.53,718.81,81.28,205500,136.94,109.82,107.22,579.04,29.88,1978.349976
"476","2016-03-02",52.95,49.57,100.75,718.85,82.7,205500,136.73,109.95,107.04,580.21,30.18,1986.449951
"477","2016-03-03",52.35,49.77,101.5,712.42,82.4,206000,136.84,109.58,106.65,577.49,30.22,1993.400024
"478","2016-03-04",52.03,50.11,103.01,710.89,82.29,207945,137.97,108.39,106.5,575.14,30.46,1999.98999
"479","2016-03-07",51.03,50.07,101.87,695.16,84.46,208500,138.72,105.73,106.74,562.8,30.29,2001.76001
"480","2016-03-08",51.65,49.05,101.03,693.97,82.63,207989,137.8,105.93,106.22,560.26,30.06,1979.26001
"481","2016-03-09",52.84,48.79,101.12,705.24,82.4,209250,139.13,107.51,106.84,559.47,30.05,1989.26001
"482","2016-03-11",53.07,50.07,102.26,726.82,82.19,211600,140.65,109.41,107.71,569.61,30.34,2022.189941
"483","2016-03-14",53.17,49.88,102.52,730.49,82.41,210300,139.72,109.89,107.66,573.37,30.27,2019.640015
"484","2016-03-15",53.59,49.98,104.58,728.33,82.82,211070,140.4,110.67,107.76,577.02,30.28,2015.930054
"485","2016-03-16",54.35,49.54,105.97,736.09,82.87,210200,139.83,112.18,107.41,574.27,30.17,2027.219971
"486","2016-03-17",54.66,49.73,105.8,737.78,84.1,213600,142.4,111.02,106.74,559.44,30.96,2040.589966
"487","2016-03-18",53.49,50.54,105.92,737.6,84.2,213330,142.16,111.45,107.5,552.08,30.92,2049.580078
"488","2016-03-21",53.86,50.67,105.91,742.09,83.62,213300.05,142.13,111.85,107.28,553.98,31.09,2051.600098
"489","2016-03-22",54.07,50.37,106.72,740.75,84.12,213400.05,142.18,112.25,107.38,560.48,31.06,2049.800049
"490","2016-03-23",53.97,49.76,106.13,738.06,83.75,211370,140.96,112.54,108.5,569.63,31.07,2036.709961
"491","2016-03-24",54.21,48.9,105.67,735.3,83.98,210530,140.11,113.05,108.31,582.95,31.11,2035.939941
"492","2016-03-28",53.54,48.7,105.19,733.53,84.22,212125,141.29,113.69,108.23,579.87,31.49,2037.050049
"493","2016-03-29",54.71,48.05,107.68,744.77,84.53,212800,141.9,116.14,109.14,593.86,31.48,2055.01001
"494","2016-03-30",55.05,48.65,109.56,750.53,84.52,214035,142.46,114.7,108.98,598.69,31.83,2063.949951
"495","2016-03-31",55.23,48.36,108.99,744.95,83.59,213450,141.88,114.1,108.2,593.64,31.79,2059.73999
"496","2016-04-01",55.57,48.45,109.99,749.91,82.96,215740,143.79,116.06,109.19,598.5,31.93,2072.780029
"497","2016-04-04",55.43,48.5,111.12,745.29,83.16,215060,143.22,112.55,108.59,593.19,31.23,2066.129883
"498","2016-04-05",54.56,47.51,109.81,737.8,82.21,212340,141.2,112.22,108.95,586.14,30.98,2045.170044
"499","2016-04-06",55.12,48.08,110.96,745.69,83.31,212990,141.7,113.71,109.42,602.08,30.9,2066.659912
"500","2016-04-07",54.46,46.93,108.54,740.28,82.37,211400.5,140.81,113.64,109.27,591.43,30.63,2041.910034
"501","2016-04-08",54.42,47.07,108.66,739.15,83.21,211705,141.06,110.63,109.1,594.6,30.79,2047.599976
"502","2016-04-11",54.31,47.03,109.02,736.1,83.32,211660,140.99,108.99,108.97,595.93,30.71,2041.98999
"503","2016-04-12",54.65,47.77,110.44,743.09,84.35,213700,142.4,110.61,109.6,603.17,30.81,2061.719971
"504","2016-04-13",55.35,49.03,112.04,751.72,84.83,216130,144.04,110.51,109.87,614.82,30.98,2082.419922
"505","2016-04-14",55.36,48.79,112.1,753.2,85.43,215600,143.72,110.84,109.84,620.75,31.02,2082.780029
"506","2016-04-15",55.65,48.25,109.85,759,84.97,215110,143.45,109.64,110.18,625.89,31.03,2080.72998
"507","2016-04-18",56.46,48.84,107.48,766.61,85.78,216650,144.38,110.45,110.93,635.35,31.06,2094.340088
"508","2016-04-19",56.39,49.88,106.91,753.93,86.21,219000,145.95,112.29,112.68,627.9,31.15,2100.800049
"509","2016-04-20",55.59,50.45,107.13,752.67,86.8,218928,146.09,112.42,113.58,632.99,31.15,2102.399902
"510","2016-04-21",55.78,50.05,105.97,759.14,86.79,217460,144.86,113.44,113.57,631,30.98,2091.47998
"511","2016-04-22",51.78,50.62,105.68,718.77,87.53,219038,146.11,110.56,113.32,620.5,30.76,2091.580078
"512","2016-04-25",52.11,50.51,105.08,723.15,87.33,219278,146.18,110.1,113.51,626.2,30.68,2087.790039
"513","2016-04-26",51.44,50.92,104.35,708.14,87.63,220340,147.02,108.76,112.91,616.88,30.9,2091.699951
"514","2016-04-27",50.94,50.93,97.82,705.84,88.46,221430,147.6,108.89,112.77,606.57,30.93,2095.149902
"515","2016-04-28",49.9,50.41,94.83,691.02,88.03,219120,146.07,116.73,112.48,602,30.9,2075.810059
"516","2016-04-29",49.87,49.98,93.74,693.01,88.4,219000,145.48,117.58,112.08,659.59,30.75,2065.300049
"517","2016-05-02",50.61,50.59,93.64,698.21,89.13,220252.5,146.89,118.57,112.75,683.85,30.89,2081.429932
"518","2016-05-03",49.78,50,95.18,692.36,88.11,217354,144.83,117.43,112.69,671.32,30.63,2063.370117
"519","2016-05-04",49.87,48.94,94.19,695.7,87.94,216515,144.24,118.06,112.22,670.9,30.07,2051.120117
"520","2016-05-05",49.94,48.96,93.24,701.43,88.04,215880,143.88,117.81,112.88,659.09,29.89,2050.629883
"521","2016-05-06",50.39,49.02,92.72,711.12,88.51,216999.99,144.62,119.49,112.74,673.95,30.12,2057.139893
"522","2016-05-09",50.07,48.88,92.79,712.9,88.57,214430,142.91,119.24,113.72,679.75,29.87,2058.689941
"523","2016-05-10",51.02,49.4,93.42,723.18,89.99,216975,144.78,120.5,114.67,703.07,30.48,2084.389893
"524","2016-05-11",51.05,49.08,92.51,715.29,88.81,214468,142.87,119.52,114.37,713.23,30.34,2064.459961
"525","2016-05-12",51.51,49.2,90.34,713.31,89.67,214860,143.31,120.28,114.23,717.93,30.09,2064.110107
"526","2016-05-13",51.08,48.24,90.52,710.83,88.66,212140,141.4,119.81,113.56,709.92,29.64,2046.609985
"527","2016-05-16",51.83,48.27,93.88,716.49,89.57,212530,141.85,118.67,114.44,710.66,29.96,2066.659912
"528","2016-05-17",50.51,47.62,93.49,706.23,89.53,210695,140.34,117.35,113.83,695.27,29.71,2047.209961
"529","2016-05-18",50.81,48.65,94.56,706.63,89.35,212200,141.47,117.65,113.59,697.45,29.61,2047.630005
"530","2016-05-19",50.32,48.38,94.2,700.32,90.11,211179.99,140.79,116.81,112.85,698.52,29.36,2040.040039
"531","2016-05-20",50.62,48.75,95.22,709.74,89.74,212833,141.83,117.35,112.64,702.8,29.56,2052.320068
"532","2016-05-23",50.03,48.7,96.43,704.24,89.6,212210,141.48,115.97,112.16,696.75,29.49,2048.040039
"533","2016-05-24",51.59,49.2,97.9,720.09,89.67,215650,143.71,117.7,112.69,704.2,29.85,2076.060059
"534","2016-05-25",52.12,50.5,99.62,725.27,90.26,216185,144.08,117.89,113.35,708.35,30.09,2090.540039
"535","2016-05-26",51.89,50.55,100.41,724.12,89.8,214600,143.05,119.47,112.9,714.91,30.02,2090.100098
"536","2016-05-27",52.32,50.85,100.35,732.66,90.01,214303,143.35,119.38,113.06,712.24,30.12,2099.060059
"537","2016-05-31",53,50.72,99.86,735.72,89.02,211695,140.54,118.81,112.69,722.79,30.23,2096.949951
"538","2016-06-01",52.85,51,98.46,734.15,89.24,212360,141.99,118.78,112.78,719.44,30.11,2099.330078
"539","2016-06-02",52.48,51.11,97.72,730.4,88.53,212355,142.11,118.93,114.49,728.24,30.05,2105.26001
"540","2016-06-03",51.79,50.19,97.92,722.34,88.37,211615,141.14,118.47,114.76,725.54,29.94,2099.129883
"541","2016-06-06",52.13,50.49,98.63,716.55,89.34,212880,141.82,118.79,115.77,726.73,30.12,2109.409912
"542","2016-06-07",52.1,50.27,99.03,716.65,90.71,212210,141.41,117.76,115.73,723.74,30.14,2112.129883
"543","2016-06-08",52.04,50,98.94,728.28,90.79,213500,142.53,118.39,115.8,726.64,30.31,2119.120117
"544","2016-06-09",51.62,49.14,99.65,728.58,90.67,213210,142.23,118.56,117,727.65,30.24,2115.47998
"545","2016-06-10",51.48,48.34,98.83,719.41,89.98,212622,141.76,116.62,117.01,717.91,30.04,2096.070068
"546","2016-06-13",50.14,47.97,97.34,718.36,90.59,211450,140.94,113.95,116.79,715.24,29.83,2079.060059
"547","2016-06-14",49.83,46.88,97.46,718.27,90.43,212070,141.3,114.94,117.12,719.3,30.44,2075.320068
"548","2016-06-15",49.69,46.78,97.14,718.92,90.16,210050,140.45,114.6,116.41,714.26,30.59,2071.5
"549","2016-06-16",50.39,46.85,97.55,710.36,91.22,213000,141.99,114.39,116.64,717.51,30.64,2077.98999
"550","2016-06-17",50.13,46.6,95.33,691.72,90.72,211200,140.73,113.02,115.48,706.39,30.6,2071.219971
"551","2016-06-20",50.07,46.93,95.1,693.71,91.12,212630,141.67,113.37,116.54,714.01,30.83,2083.25
"552","2016-06-21",51.19,47.23,95.91,695.94,91.53,215420,143.53,114.38,116.18,715.82,30.94,2088.899902
"553","2016-06-22",50.99,46.97,95.55,697.46,91.17,216266,143.94,113.91,116.46,710.6,30.78,2085.449951
"554","2016-06-23",51.91,47.91,96.1,701.87,91.8,218850,145.98,115.08,117.38,722.08,31.19,2113.320068
"555","2016-06-24",49.83,45.71,93.4,675.22,89.39,209852,139.71,112.08,115.63,698.96,29.82,2037.410034
"556","2016-06-27",48.43,45.01,92.04,668.26,88.86,208000,138.5,108.97,116.55,691.36,29.32,2000.540039
"557","2016-06-28",49.44,46.1,93.59,680.04,90.91,210400,140.28,112.7,118.23,707.95,29.94,2036.089966
"558","2016-06-29",50.54,46.97,94.4,684.11,92.46,212645,142.12,114.16,119.33,715.6,30.55,2070.77002
"559","2016-06-30",51.17,47.33,95.6,692.1,93.74,216975,144.79,114.28,121.3,715.62,31.48,2098.860107
"560","2016-07-01",51.16,47.03,95.89,699.21,93.84,216298,143.96,114.19,121.29,725.68,31.49,2102.949951
"561","2016-07-05",51.17,46.21,94.99,694.49,93.02,212960,142.23,114,122.27,728.1,31.45,2088.550049
"562","2016-07-06",51.38,46.65,95.53,697.77,94.09,213620,142.51,116.7,122.64,737.61,31.74,2099.72998
"563","2016-07-07",51.38,46.8,95.94,695.36,92.96,212501,141.91,115.85,122.51,736.57,31.82,2097.899902
"564","2016-07-08",52.3,47.79,96.68,705.63,93.54,214720,143.65,117.24,122.85,745.81,32.2,2129.899902
"565","2016-07-11",52.59,48.08,96.98,715.09,93.89,215824,143.93,117.87,122.93,753.78,32.21,2137.159912
"566","2016-07-12",53.21,48.35,97.42,720.64,94.95,217050,144.67,117.93,122.92,748.21,32.26,2152.139893
"567","2016-07-13",53.51,48.27,96.87,716.98,94.88,218950,145.93,116.78,123,742.63,32.36,2152.429932
"568","2016-07-14",53.74,48.94,98.79,720.95,94.95,218590.5,145.73,117.29,123.18,741.2,32.63,2163.75
"569","2016-07-15",53.7,47.71,98.78,719.85,95.12,218990,145.97,116.86,123,735.44,32.88,2161.73999
"570","2016-07-18",53.96,48.28,99.83,733.78,94.82,219900,146.57,119.37,123.14,736.07,32.91,2166.889893
"571","2016-07-19",53.09,48.37,99.87,736.96,94.47,220265,146.92,120.61,125.25,739.95,32.93,2163.780029
"572","2016-07-20",55.91,48.61,99.96,741.19,93.93,219187,146.17,121.92,125.14,745.72,32.78,2173.02002
"573","2016-07-21",55.8,48.3,99.43,738.63,93.85,216315,144.35,120.61,125.15,744.43,32.59,2165.169922
"574","2016-07-22",56.57,48.32,98.66,742.74,94.01,216805,144.6,121,125.03,744.86,32.06,2175.030029
"575","2016-07-25",56.73,48.12,97.34,739.77,92.2,216005,144.14,121.63,124.89,739.61,31.64,2168.47998
"576","2016-07-26",56.76,47.97,96.67,738.42,91.53,216400,144.34,121.22,125.15,735.59,31.47,2169.179932
"577","2016-07-27",56.19,48,102.95,741.77,90.91,216300,144.19,123.34,124.77,736.67,31.28,2166.580078
"578","2016-07-28",56.21,48.13,104.34,745.91,90.2,216660,144.42,125,124.46,752.61,31.25,2170.060059
"579","2016-07-29",56.68,47.97,104.21,768.79,88.95,216000,144.27,123.94,125.23,758.81,31.14,2173.600098
"580","2016-08-01",56.58,47.81,106.05,772.88,85.86,215960,143.93,124.31,125.4,767.74,31.15,2170.840088
"581","2016-08-02",56.58,47.7,104.48,771.07,87.04,214900,143.31,123.09,124.85,760.58,31.05,2157.030029
"582","2016-08-03",56.97,47.57,105.79,773.18,87.49,215300,143.63,122.51,123.9,754.64,31.13,2163.790039
"583","2016-08-04",57.39,47.84,105.87,771.61,87.48,214830,143.12,124.36,123.86,760.77,31.17,2164.25
"584","2016-08-05",57.96,48.68,107.48,782.22,87.56,218010,145.65,125.15,124.24,765.98,31.28,2182.870117
"585","2016-08-08",58.06,48.91,108.37,781.76,88.59,218300,145.56,125.26,123.65,766.56,31.27,2180.889893
"586","2016-08-09",58.2,48.93,108.81,784.26,88.7,220605.05,147.22,125.06,123.43,768.31,31.3,2181.73999
"587","2016-08-10",58.02,48.18,108,784.68,86.41,220000,146.69,124.88,123.36,768.56,31.27,2175.48999
"588","2016-08-11",58.3,48.24,107.93,784.85,86.72,221890,147.74,124.9,123.77,771.24,31.29,2185.790039
"589","2016-08-12",57.94,47.9,108.18,783.22,87.85,221750,147.72,124.88,123.22,772.56,31.24,2184.050049
"590","2016-08-15",58.12,48.27,109.48,782.44,87.81,221995,147.78,123.9,122.31,768.49,31.24,2190.149902
"591","2016-08-16",57.44,48.44,109.38,777.14,87.92,220805,147.24,123.3,120.33,764.04,31.19,2178.149902
"592","2016-08-17",57.56,48.61,109.22,779.91,88.11,223889.98,149.08,124.37,121.31,764.63,31.29,2182.219971
"593","2016-08-18",57.6,48.53,109.08,777.5,88.91,223200,148.81,123.91,120.72,764.46,31.43,2187.02002
"594","2016-08-19",57.62,48.65,109.36,775.42,87.8,223040,148.75,123.56,119.92,757.31,31.25,2183.870117
"595","2016-08-22",57.67,48.63,108.51,772.15,87.99,222446,148.45,124.15,119.13,759.48,31.32,2182.639893
"596","2016-08-23",57.89,48.41,108.85,772.08,87.72,223500,148.77,124.37,119.44,762.45,31.23,2186.899902
"597","2016-08-24",57.95,48.63,108.03,769.64,88.02,222824,148.41,123.48,118.71,757.25,31.22,2175.439941
"598","2016-08-25",58.17,48.38,107.57,769.41,87.46,222999,148.64,123.89,118.57,759.22,31.21,2172.469971
"599","2016-08-26",58.03,48.51,106.94,769.54,87.27,222040,147.91,124.96,119.04,769,31.23,2169.040039
"600","2016-08-29",58.1,49.56,106.82,772.15,87.84,223400.05,149.3,126.54,119.92,771.29,31.36,2180.379883
"601","2016-08-30",57.89,50.62,106,769.09,87.52,224850,150.22,125.84,119.47,767.58,31.37,2176.120117
"602","2016-08-31",57.46,50.8,106.1,767.05,87.14,225760,150.49,126.12,119.34,769.16,31.24,2170.949951
"603","2016-09-01",57.59,50.43,106.73,768.78,86.84,225350.01,150.35,126.17,119.08,770.62,31.2,2170.860107
"604","2016-09-02",57.67,50.55,107.73,771.46,87.42,226050,150.72,126.51,119.32,772.44,31.29,2179.97998
"605","2016-09-06",57.61,49.99,107.7,780.08,88.57,225849,150.43,129.73,119.75,788.87,31.05,2186.47998
"606","2016-09-07",57.66,49.77,108.36,780.35,88.24,224230,149.58,131.05,119.61,784.48,31.06,2186.159912
"607","2016-09-08",57.43,49.9,105.52,775.32,89.05,224740,149.78,130.27,119.47,784.06,31.04,2181.300049
"608","2016-09-09",56.21,48.72,103.13,759.66,86.84,220109.99,146.62,127.1,118.23,760.14,30.11,2127.810059
"609","2016-09-12",57.05,48.54,105.44,769.02,87.29,223520,148.97,128.69,119.16,771.49,30.49,2159.040039
"610","2016-09-13",56.53,46.96,107.95,759.69,85.21,219150,146.23,127.21,117.61,761.01,29.85,2127.02002
"611","2016-09-14",56.26,46.52,111.77,762.49,84.6,218609.99,145.78,127.77,117.86,761.09,29.7,2125.77002
"612","2016-09-15",57.19,46.15,115.57,771.76,85.08,220339,146.66,128.35,118.63,769.69,29.75,2147.26001
"613","2016-09-16",57.25,45.43,114.92,768.88,84.03,218400,145.01,129.07,118.25,778.52,29.68,2139.159912
"614","2016-09-19",56.93,46.01,113.58,765.7,83.83,218000,145.24,128.65,117.66,775.1,29.43,2139.120117
"615","2016-09-20",56.81,46.56,113.57,771.41,82.54,217870,144.92,128.64,117.95,780.22,29.67,2139.76001
"616","2016-09-21",57.76,45.83,113.55,776.22,83.3,219440,146.46,129.94,118.91,789.74,29.85,2163.120117
"617","2016-09-22",57.82,45.72,114.62,787.21,83.54,219999.9,146.53,130.08,119.46,804.7,30.04,2177.179932
"618","2016-09-23",57.43,45.74,112.71,786.9,83.45,217750,145,127.96,118.81,805.75,29.89,2164.689941
"619","2016-09-26",56.9,44.88,112.88,774.21,83.06,216160,144.18,127.31,117.78,799.16,29.54,2146.100098
"620","2016-09-27",57.95,45.09,113.09,783.01,83.24,217960,145.34,128.69,119.22,816.11,29.88,2159.929932
"621","2016-09-28",58.03,45.31,113.95,781.56,86.9,217695,145.28,129.23,119.39,828.72,29.9,2171.370117
"622","2016-09-29",57.4,44.37,112.18,775.01,86.46,215300,143.59,128.09,117.27,829.05,29.53,2151.129883
"623","2016-09-30",57.6,44.28,113.05,777.29,87.28,216220,144.47,128.27,118.13,837.31,29.62,2168.27002
"624","2016-10-03",57.42,43.83,112.52,772.56,87.05,215700,143.76,128.77,118.81,836.74,29.64,2161.199951
"625","2016-10-04",57.24,43.75,113,776.43,86.25,214519.73,143.17,128.19,118.82,834.03,29.5,2150.48999
"626","2016-10-05",57.64,44.99,113.05,776.47,87,216300,144.15,128.47,119.18,844.36,29.5,2159.72998
"627","2016-10-06",57.74,45.18,113.89,776.86,87.04,215860,143.87,128.74,118.75,841.66,29.27,2160.77002
"628","2016-10-07",57.8,45.33,114.06,775.08,86.74,216640,144.52,128.99,119.24,839.43,29.08,2153.73999
"629","2016-10-10",58.04,45.65,116.05,785.94,88.44,217730,145.2,130.24,119.8,841.71,28.86,2163.659912
"630","2016-10-11",57.19,45.45,116.3,783.07,87.74,215920,143.95,128.88,117.64,831,28.92,2136.72998
"631","2016-10-12",57.11,45.32,117.34,786.14,87.13,217230,144.91,129.05,117.97,834.09,28.9,2139.179932
"632","2016-10-13",56.92,44.75,116.98,778.19,86.56,214660,143.22,127.82,118.26,829.28,28.77,2132.550049
"633","2016-10-14",57.42,44.71,117.63,778.53,86.54,216370,144.18,127.88,117.56,822.96,28.89,2132.97998
"634","2016-10-17",57.22,44.5,117.55,779.96,86.54,216225,143.8,127.54,118.49,812.95,28.85,2126.5
"635","2016-10-18",57.66,44.95,117.47,795.26,86.77,216300,144.3,128.57,115.41,817.65,28.98,2139.600098
"636","2016-10-19",57.53,45.26,117.12,801.56,87.17,217350,144.86,130.11,114.59,817.69,29.06,2144.290039
"637","2016-10-20",57.25,44.93,117.06,796.97,87.21,216975,144.49,130,114.87,810.32,29.07,2141.340088
"638","2016-10-21",59.66,45.09,116.6,799.37,86.62,215600,143.6,132.07,113.44,818.99,28.98,2141.159912
"639","2016-10-24",61,45.52,117.65,813.11,86.91,215500,143.83,133.28,113.61,838.09,28.92,2151.330078
"640","2016-10-25",60.99,45.72,118.25,807.67,86.72,215249.96,143.42,132.29,113.96,835.18,28.65,2143.159912
"641","2016-10-26",60.63,46.15,115.59,799.07,87.09,215840,143.94,131.04,114.56,822.59,28.87,2139.429932
"642","2016-10-27",60.1,46.41,114.48,795.35,86.92,216820,144.45,129.69,115.7,818.36,28.63,2133.040039
"643","2016-10-28",59.87,46.23,113.72,795.37,84.78,216200,144,131.29,115.33,776.32,29.22,2126.409912
"644","2016-10-31",59.92,46.01,113.54,784.54,83.32,215700,144.3,130.99,115.99,789.82,29.1,2126.149902
"645","2016-11-01",59.8,45.99,111.49,783.61,83.65,215370,143.63,129.5,115.34,785.41,28.88,2111.719971
"646","2016-11-02",59.43,45.24,111.59,768.7,83.45,214900,143.19,127.17,114.86,765.56,28.49,2097.939941
"647","2016-11-03",59.21,45.34,109.83,762.13,83.66,215001,143.64,120,115.03,767.03,28.28,2088.659912
"648","2016-11-04",58.71,44.6,108.84,762.02,83.57,214545,142.95,120.75,115.11,755.05,28.44,2085.179932
"649","2016-11-07",60.42,45.4,110.41,782.52,85.45,220303,146.91,122.15,116.66,784.93,29.31,2131.52002
"650","2016-11-08",60.47,45.54,111.06,790.51,85.31,221484.8,147.79,124.22,117.05,787.75,29.42,2139.560059
"651","2016-11-09",60.17,47.99,110.88,785.31,86.25,227134.98,151.28,123.18,120.31,771.88,29.63,2163.26001
"652","2016-11-10",58.7,51.63,107.79,762.56,87.05,233750,156.06,120.8,119.54,742.38,30.41,2167.47998
"653","2016-11-11",59.02,51.73,108.43,754.02,85.67,235220,156.82,119.02,118.47,739.01,30.71,2164.449951
"654","2016-11-14",58.12,53.22,105.71,736.08,85.28,236650,157.93,115.08,116.6,719.07,30.51,2164.199951
"655","2016-11-15",58.87,52.59,107.11,758.49,86.82,236000,157.46,117.2,116.32,743.24,30.75,2180.389893
"656","2016-11-16",59.65,51.68,109.99,764.48,85.75,235470,157.08,116.34,116.36,746.49,30.74,2176.939941
"657","2016-11-17",60.64,52.49,109.95,771.23,85.23,237550,158.39,117.79,116.57,756.4,30.79,2187.120117
"658","2016-11-18",60.35,52.82,110.06,760.54,85.28,236391,157.75,117.02,115.36,760.16,30.67,2181.899902
"659","2016-11-21",60.86,52.12,111.73,769.2,86.49,237500,158.71,121.77,115,780,30.87,2198.179932
"660","2016-11-22",61.12,52.22,111.8,768.27,86.68,237801,158.66,121.47,112.74,785.33,31.18,2202.939941
"661","2016-11-23",60.4,52.16,111.23,760.99,86.92,237070,158.11,120.84,113.07,780.12,31.34,2204.719971
"662","2016-11-25",60.53,52.62,111.79,761.68,87.12,237085,158.18,120.38,114.13,780.37,31.44,2213.350098
"663","2016-11-28",60.61,51.58,111.57,768.24,86.47,235400,156.97,120.41,113.13,766.77,31.25,2201.719971
"664","2016-11-29",61.09,51.86,111.46,770.84,85.9,236391,157.68,120.87,112.48,762.52,31.05,2204.659912
"665","2016-11-30",60.26,52.92,110.52,758.04,87.3,237000,157.44,118.51,111.3,750.57,30.76,2198.810059
"666","2016-12-01",59.2,54.34,109.49,747.92,87.24,239821,160.12,115.1,111.38,743.65,31.39,2191.080078
"667","2016-12-02",59.25,53.58,109.9,750.5,87.04,239070,159.39,115.4,111.96,740.34,31.34,2191.949951
"668","2016-12-05",60.22,54.35,109.11,762.52,87.48,240000,160.21,117.445,111.94,759.36,31.11,2204.709961
"669","2016-12-06",59.95,55.55,109.95,759.11,87.56,241836,161.34,117.31,112.06,764.72,31.17,2212.22998
"670","2016-12-07",61.37,57.28,111.03,771.19,88.07,246380.05,164.69,117.95,111.1,770.42,31.6,2241.350098
"671","2016-12-08",61.01,57.29,112.12,776.42,88.32,246120,164.11,118.91,110.99,767.33,31.53,2246.189941
"672","2016-12-09",61.97,57.14,113.95,789.29,89,247190,164.86,119.68,112.26,768.66,31.78,2259.530029
"673","2016-12-12",62.17,55.78,113.3,789.27,90.98,248888.68,166.12,117.72,115.36,760.12,31.86,2256.959961
"674","2016-12-13",62.98,55.84,115.19,796.1,92.58,249711,166.58,120.31,115.89,774.34,31.74,2271.719971
"675","2016-12-14",62.68,54.7,115.19,797.07,90.58,247120,165.06,120.21,114.99,768.82,31.5,2253.280029
"676","2016-12-15",62.58,55.19,115.82,797.85,90.89,248271,165.73,120.57,115.89,761,31.26,2262.030029
"677","2016-12-16",62.3,55.34,115.97,790.8,91.18,246405,164.76,119.87,115.88,757.77,31.75,2258.070068
"678","2016-12-19",63.62,55.22,116.64,794.2,90.42,248330,165.35,119.24,116.02,766,31.92,2262.530029
"679","2016-12-20",63.54,56.1,116.95,796.42,90.43,249041,166.36,119.07,115.66,771.22,32.25,2270.76001
"680","2016-12-21",63.54,55.71,117.06,794.56,90.28,248631,165.95,119.04,115.31,770.6,32.13,2265.179932
"681","2016-12-22",63.55,55.75,116.29,791.26,90.87,249000,166.03,117.4,115.44,766.34,31.82,2260.959961
"682","2016-12-23",63.24,55.96,116.52,789.91,90.71,248000,165.32,117.27,115.96,760.59,31.88,2263.790039
"683","2016-12-27",63.28,55.95,117.26,791.55,90.75,247300,164.95,118.01,115.91,771.4,31.9,2268.879883
"684","2016-12-28",62.99,55.32,116.76,785.05,90.3,245330,163.75,116.92,115.1,772.13,31.7,2249.919922
"685","2016-12-29",62.9,54.84,116.73,782.79,90.35,244500,163.05,116.35,115.49,765.15,31.71,2249.26001
"686","2016-12-30",62.14,55.11,115.82,771.82,90.26,244121,162.98,115.05,115.21,749.87,31.6,2238.830078
"687","2017-01-03",62.58,56,116.15,786.13,90.89,245850,163.83,116.82,115.84,753.67,31.69,2257.830078
"688","2017-01-04",62.3,56.05,116.02,786.9,89.89,246599.99,164.08,118.69,115.65,757.18,31.7,2270.75
"689","2017-01-05",62.3,55.18,116.61,794.02,88.55,244851.5,163.3,120.67,116.86,780.45,31.52,2269
"690","2017-01-06",62.84,55.04,117.91,806.15,88.5,245394,163.41,123.41,116.3,795.99,31.61,2276.97998
"691","2017-01-09",62.64,54.24,118.99,806.65,87.04,243111,162.02,124.9,116.28,796.92,31.46,2268.899902
"692","2017-01-10",62.62,54.62,119.11,804.79,85.93,242077,161.47,124.35,116.16,795.9,31.37,2268.899902
"693","2017-01-11",63.19,54.8,119.75,807.91,86.81,243160,162.23,126.09,114.73,799.02,31.47,2275.320068
"694","2017-01-12",62.61,54.5,119.25,806.36,86.34,242849.9,161.41,126.62,114.62,813.64,31.39,2270.439941
"695","2017-01-13",62.7,55.31,119.04,807.88,86.35,242500.05,161.9,128.34,114.6,817.14,31.36,2274.639893
"696","2017-01-17",62.53,53.78,120,804.61,87.36,239166,159.64,127.835,114.87,809.72,31.27,2267.889893
"697","2017-01-18",62.5,54.27,119.99,806.07,86.28,240700,160.49,127.92,114.7,807.48,31.23,2271.889893
"698","2017-01-19",62.3,54.58,119.78,802.175,84.73,239120,159.41,127.55,114.2,809.04,31.21,2263.689941
"699","2017-01-20",62.74,55.07,120,805.02,85.89,240280,160.21,127.04,114.15,808.33,30.53,2271.310059
"700","2017-01-23",62.96,54.25,120.08,819.31,84.97,238100.05,158.81,128.93,113.91,817.88,29.75,2265.199951
"701","2017-01-24",63.52,54.7,119.97,823.87,85.09,240940.05,160.72,129.37,111.76,822.44,30,2280.070068
"702","2017-01-25",63.68,56.62,121.88,835.67,85.34,246340,164.25,131.48,112.8,836.52,30.37,2298.370117
"703","2017-01-26",64.27,57.18,121.94,832.15,85.6,247640,164.92,132.78,111.84,839.15,30.32,2296.679932
"704","2017-01-27",65.78,56.59,121.95,823.31,85.51,246999.99,164.41,132.18,113.38,835.77,30.01,2294.689941
"705","2017-01-30",65.13,56.08,121.63,802.32,84.86,246500.01,164.8,130.98,113.13,830.38,29.96,2280.899902
"706","2017-01-31",64.65,56.33,121.35,796.79,83.89,245980.35,164.14,130.32,113.25,823.48,29.7,2278.870117
"707","2017-02-01",63.58,55.91,128.75,795.695,82.94,245430,163.61,133.23,113.23,832.35,29.69,2279.550049
"708","2017-02-02",63.17,55.75,128.53,798.53,83.45,244330,162.96,130.84,113.57,839.95,29.68,2280.850098
"709","2017-02-03",63.68,57.27,129.08,801.49,83.54,245646,163.94,130.88,113.64,810.2,29.7,2297.419922
"710","2017-02-06",63.64,56.55,130.29,801.34,83.31,244825.33,163.42,132.06,113.4,807.64,29.66,2292.560059
"711","2017-02-07",63.43,56.34,131.53,806.97,82.77,244260,162.93,131.84,113.48,812.5,29.56,2293.080078
"712","2017-02-08",63.34,55.63,132.04,808.38,81.48,244151,162.87,134.2,113.4,819.71,29.43,2294.669922
"713","2017-02-09",64.06,56.73,132.42,809.56,81.84,246000,164.04,134.14,114.08,821.36,29.59,2307.870117
"714","2017-02-10",64,56.86,132.12,813.67,82.52,246000,164.04,134.19,115.25,827.46,29.72,2316.100098
"715","2017-02-13",64.72,57.08,133.29,819.24,83,248340.05,165.85,134.05,115.88,836.53,30.04,2328.25
"716","2017-02-14",64.57,57.98,135.02,820.45,82.82,250419,166.95,133.85,116.36,836.39,30.28,2337.580078
"717","2017-02-15",64.53,58.55,135.51,818.98,83.16,250990,167.28,133.44,117.2,842.7,30.35,2349.25
"718","2017-02-16",64.52,58.12,135.345,824.16,82.3,251500,167.7,133.84,118.08,844.14,30.45,2347.219971
"719","2017-02-17",64.62,58.09,135.72,828.07,81.76,252838,168.57,133.53,118.86,845.07,30.37,2351.159912
"720","2017-02-21",64.49,58.25,136.7,831.66,81.89,253690,168.82,133.72,119.63,856.44,30.52,2365.379883
"721","2017-02-22",64.36,58.36,137.11,830.76,80.93,254151,169.61,136.12,119.52,855.61,30.33,2362.820068
"722","2017-02-23",64.62,58.49,136.53,831.33,81.78,254900,170.15,135.36,121.7,852.19,30.02,2363.810059
"723","2017-02-24",64.62,57.81,136.66,828.64,81.08,255040,170.22,135.44,122.73,845.24,30.19,2367.340088
"724","2017-02-27",64.23,58.06,136.93,829.28,81.54,255795,170.63,136.41,122.4,848.64,29.94,2369.72998
"725","2017-02-28",63.98,57.88,136.99,823.21,81.32,257100,171.42,135.54,122.21,845.04,29.81,2363.639893
"726","2017-03-01",64.94,59.73,139.79,835.24,83.02,266013,177.28,137.42,123.86,853.08,30.19,2395.959961
"727","2017-03-02",64.01,58.71,138.96,830.63,83.3,263725,175.82,136.7603,123.63,848.91,30.19,2381.919922
"728","2017-03-03",64.25,58.89,139.78,829.08,82.46,263160,175.51,137.13,123.79,849.88,30.12,2383.120117
"729","2017-03-06",64.27,58.61,139.34,827.78,82.83,263120,175.4,137.42,123.71,846.61,30,2375.310059
"730","2017-03-07",64.4,58.3,139.52,831.91,82.52,262860,175.28,137.3,123.83,846.02,29.86,2368.389893
"731","2017-03-08",64.99,58.21,139,835.37,81.03,262610,175.03,137.73,124.12,850.5,29.8,2362.97998
"732","2017-03-09",64.73,58.7,138.68,838.68,81.67,262866,175.37,138.24,125.95,853,29.66,2364.870117
"733","2017-03-10",64.93,58.85,139.14,843.25,81.61,262570,175.12,138.79,126.24,852.46,30.28,2372.600098
"734","2017-03-13",64.71,58.7,139.2,845.54,81.42,262990,175.39,139.6,126.68,854.59,29.86,2373.469971
"735","2017-03-14",64.41,58.76,138.99,845.62,80.99,261900,174.73,139.32,127.05,852.53,29.54,2365.449951
"736","2017-03-15",64.75,58.71,140.46,847.2,82,261787,174.67,139.72,128.96,852.97,29.76,2385.26001
"737","2017-03-16",64.64,59.32,140.69,848.78,82.07,260919,174.08,139.99,128.46,853.42,29.75,2381.379883
"738","2017-03-17",64.87,58.67,139.99,852.12,82,258952,172.82,139.78,128.06,852.31,29.88,2378.25
"739","2017-03-20",64.93,57.63,141.46,848.4,82,258000,172.07,139.94,128.07,856.97,29.74,2373.469971
"740","2017-03-21",64.21,55.85,139.84,830.46,81.83,253651,169.47,138.51,127.25,843.2,29.39,2344.02002
"741","2017-03-22",65.03,55.33,141.42,829.59,81.76,253880,169.3,139.59,126.26,848.06,29.53,2348.449951
"742","2017-03-23",64.87,55.25,140.92,817.58,81.86,254702.01,169.89,139.53,125.9,847.38,29.62,2345.959961
"743","2017-03-24",64.98,55.83,140.64,814.95,81.23,252301,168.66,140.34,125.48,845.61,29.72,2343.97998
"744","2017-03-27",65.1,55.39,140.88,819.51,81.25,250881,167.44,140.32,125.8,846.82,29.44,2341.590088
"745","2017-03-28",65.29,55.96,143.8,820.92,81.84,252520,168.31,141.76,125.66,856,29.62,2358.570068
"746","2017-03-29",65.47,55.67,144.12,831.41,82.02,249761,166.59,142.65,124.92,874.32,29.68,2361.129883
"747","2017-03-30",65.71,56.24,143.93,831.5,83.7,251800,167.36,142.41,124.66,876.34,29.87,2368.060059
"748","2017-03-31",65.86,55.66,143.71,829.56,82.01,249850,166.68,142.05,124.55,886.75,29.8,2362.719971
